DATE,PARTY NAME,BILL,ITEM,MAKE,QTY,RATE,TOTAL,PARTY,EX RATE,TOTAL,BROK.TIME,OTHER NOTI.,PAY DATE
08-04-2021,AJAHARA ENTERPRISE,223,6205 ZZ,FAG,42,105,4410,N M SALES AG,,0,MARCH,,
08-04-2021,AJAHARA ENTERPRISE,223,6207 ZZ,FAG,35,239.25,8373.75,N M SALES AG,,0,MARCH,,
22-04-2021,AJAHARA ENTERPRISE,SALE,6206,FAG,14,182.62,2556.68,HARSH SALES CORP,,0,MARCH,,
01-06-2021,AJAHARA ENTERPRISE,1185,6006 2RS,FAG,20,149.43,2988.6,KOHINOOR BRGS,,0,MARCH,,
24-06-2021,AJAHARA ENTERPRISE,1726,6007 2RS,FAG,22,173.5,3817,KOHINOOR BRGS,,0,MARCH,,
01-07-2021,AJAHARA ENTERPRISE,SALE,6205 ZZ B,FAG,48,110,5280,KOHINOOR BRGS,,0,MARCH,,
02-07-2021,AJAHARA ENTERPRISE,1912,22212 K,FAG,2,2083.78,4167.56,KOHINOOR BRGS,,0,MARCH,,
07-07-2021,AJAHARA ENTERPRISE,203,,FAG,1,9297.3,9297.3,N M SALES AG,,0,MARCH,,
12-07-2021,AJAHARA ENTERPRISE,4059,6012/6008 ZZ,FAG,1,2141,2141,HARSH SALES CORP,,0,MARCH,,
12-07-2021,AJAHARA ENTERPRISE,2134,,FAG,1,13958.6,13958.6,KOHINOOR BRGS,,0,MARCH,,
19-07-2021,AJAHARA ENTERPRISE,2302,,FAG,1,9465.25,9465.25,N M SALES AG,,0,MARCH,,
26-07-2021,AJAHARA ENTERPRISE,2416,23132 K M,FAG,2,19631.9,39263.8,KOHINOOR BRGS,,0,MARCH,,
05-08-2021,AJAHARA ENTERPRISE,2687,6205 ZZ,FAG,30,108,3240,N M SALES AG,,0,MARCH,,
05-08-2021,AJAHARA ENTERPRISE,2687,6206 ZZ,FAG,30,155,4650,N M SALES AG,,0,MARCH,,
24-08-2021,AJAHARA ENTERPRISE,SALE,22216,FAG,1,2863.96,2863.96,N M SALES AG,,0,MARCH,,
26-08-2021,AJAHARA ENTERPRISE,SALE,22217 EK,FAG,5,3577.95,17889.75,KOHINOOR BRGS,,0,MARCH,,
27-08-2021,AJAHARA ENTERPRISE,SALE,6005 ZZ,FAG,40,108.12,4324.8,N M SALES AG,,0,MARCH,,
02-09-2021,AJAHARA ENTERPRISE,SALE,6204 2RS C3,FAG,66,157,10362,KOHINOOR BRGS,,0,MARCH,,
06-09-2021,AJAHARA ENTERPRISE,3481,,FAG,1,16804.36,16804.36,KOHINOOR BRGS,,0,MARCH,,
20-09-2021,AJAHARA ENTERPRISE,3770,6016,FAG,10,837.2,8372,KOHINOOR BRGS,,0,MARCH,,
21-09-2021,AJAHARA ENTERPRISE,3803,,FAG,1,2183.6,2183.6,N M SALES AG,,0,MARCH,,
23-09-2021,AJAHARA ENTERPRISE,3824,6206 ZZ,FAG,1,7078.62,7078.62,N M SALES AG,,0,MARCH,,
11-10-2021,AJAHARA ENTERPRISE,4201,6205 ZZC3 B,FAG,216,108,23328,N M SALES AG,,0,MARCH,,
19-10-2021,AJAHARA ENTERPRISE,4368,6006 2RS,FAG,20,149.43,2988.6,KOHINOOR BRGS,,0,MARCH,,
22-10-2021,AJAHARA ENTERPRISE,4442,6004 ZZ,FAG,120,97.41,11689.2,N M SALES AG,,0,MARCH,,
27-10-2021,AJAHARA ENTERPRISE,SALE,6007 ZZ,FAG,20,170.5,3410,N M SALES AG,,0,MARCH,,
28-10-2021,AJAHARA ENTERPRISE,SALE,6206 ZZ,FAG,40,150,6000,N M SALES AG,,0,MARCH,,
30-10-2021,AJAHARA ENTERPRISE,SALE,6006 ZZ,FAG,50,142.5,7125,N M SALES AG,,0,MARCH,,
09-11-2021,AJAHARA ENTERPRISE,4706,6004 ZZ,FAG,40,100.47,4018.8,KOHINOOR BRGS,,0,MARCH,,
27-11-2021,AJAHARA ENTERPRISE,SALE,6408,FAG,2,620.67,1241.34,KOHINOOR BRGS,,0,MARCH,,
30-11-2021,AJAHARA ENTERPRISE,SALE,NA 4908,IKO,2,600,1200,GAUTTAM ENT.,,0,MARCH,,
18-12-2021,AJAHARA ENTERPRISE,5536,,FAG,1,3974.7,3974.7,KOHINOOR BRGS,,0,MARCH,,
27-12-2021,AJAHARA ENTERPRISE,SALE,6207 ZZ,FAG,56,220.5,12348,N M SALES AG,,0,MARCH,,
31-12-2021,AJAHARA ENTERPRISE,5751,,FAG,1,8297.5,8297.5,N M SALES AG,,0,MARCH,,
08-01-2022,AJAHARA ENTERPRISE,1814,,FAG,1,5758,5758,N M SALES AG,,0,MARCH,,
14-01-2022,AJAHARA ENTERPRISE,SALE,6010 ZZ,FAG,46,324.87,14944.02,N M SALES AG,,0,MARCH,,
17-01-2022,AJAHARA ENTERPRISE,6103,,FAG,1,12600,12600,N M SALES AG,,0,MARCH,,
31-01-2022,AJAHARA ENTERPRISE,6430,6204 2RS C3,FAG,132,111,14652,KOHINOOR BRGS,,0,MARCH,,
02-02-2022,AJAHARA ENTERPRISE,6508,222160 K,FAG,4,2950.2,11800.8,KOHINOOR BRGS,,0,MARCH,,
03-02-2022,AJAHARA ENTERPRISE,6518,6006/6008 2RS,FAG,10,425,4250,KOHINOOR BRGS,,0,MARCH,,
08-02-2022,AJAHARA ENTERPRISE,6644,,FAG,1,9850,9850,N M SALES AG,,0,MARCH,,
09-02-2022,AJAHARA ENTERPRISE,6656,6204 2RS C3,FAG,132,131,17292,KOHINOOR BRGS,,0,MARCH,,
09-02-2022,AJAHARA ENTERPRISE,6656,6207 ZZ C3 B,FAG,90,190,17100,KOHINOOR BRGS,,0,MARCH,,
17-02-2022,AJAHARA ENTERPRISE,6837,30309-6210,FAG,1,1852,1852,N M SALES AG,,0,MARCH,,
21-02-2022,AJAHARA ENTERPRISE,SALE,300309,FAG,2,,0,N M SALES AG,,0,MARCH,,
04-03-2022,AJAHARA ENTERPRISE,SALE,22315,FAG,3,5608.51,16825.53,VIRAJ ENTER.,238.66,715.98,MARCH,,
05-03-2022,AJAHARA ENTERPRISE,SALE,6208 ZZ,FAG,1,258.76,258.76,KOHINOOR BRGS,,0,MARCH,,
14-03-2022,AJAHARA ENTERPRISE,7388,22224 K,FAG,10,9111.96,91119.6,KOHINOOR BRGS,207,2070,MARCH,,
25-03-2022,AJAHARA ENTERPRISE,SALE,6011 ZZ,FAG,2,460,920,KOHINOOR BRGS,,0,MARCH,,
25-03-2022,AJAHARA ENTERPRISE,SALE,6009 ZZ,FAG,2,280,560,KOHINOOR BRGS,,0,MARCH,,
28-03-2022,AJAHARA ENTERPRISE,7729,,FAG,1,3510,3510,N M SALES AG,,0,MARCH,,
09-04-2021,AJMERA ENTERPRISE,SALE,NURT 15,IKO,6,840,5040,GAUTTAM ENT.,,0,MARCH,,
12-04-2021,AJMERA ENTERPRISE,48,NATB 5905,IKO,20,1050,21000,KOHINOOR BRGS,,822.5,MARCH,,
12-04-2021,AJMERA ENTERPRISE,48,NATB 5906,IKO,50,1225,61250,KOHINOOR BRGS,,0,MARCH,,
27-05-2021,AJMERA ENTERPRISE,SALE,RNFW 7010060,IKO,6,2700,16200,KOHINOOR BRGS,,0,MARCH,,
15-07-2021,AJMERA ENTERPRISE,SALE,NA 4916,IKO,2,1950,3900,GAUTTAM ENT.,,0,MARCH,,
16-07-2021,AJMERA ENTERPRISE,SALE,NUTR 15,IKO,6,825,4950,GAUTTAM ENT.,,0,MARCH,,
19-07-2021,AJMERA ENTERPRISE,SALE,RNAST 6,IKO,6,300,1800,GAUTTAM ENT.,,0,MARCH,,
19-07-2021,AJMERA ENTERPRISE,SALE,RNAST 8,INA,6,300,1800,GAUTTAM ENT.,,0,MARCH,,
02-08-2021,AJMERA ENTERPRISE,SALE,BA 24/16,IKO,16,160,2560,GAUTTAM ENT.,,0,MARCH,,
03-08-2021,AJMERA ENTERPRISE,SALE,NURT 15,IKO,4,850,3400,GAUTTAM ENT.,,0,MARCH,,
24-08-2021,AJMERA ENTERPRISE,SALE,CF 20-1 BUU,IKO,6,985,5910,GAUTTAM ENT.,,0,MARCH,,
07-09-2021,AJMERA ENTERPRISE,SALE,PHS 20,PHS,2,925,1850,GAUTTAM ENT.,,0,MARCH,,
25-09-2021,AJMERA ENTERPRISE,SALE,BA 24/16 ZOH,IKO,20,170,3400,GAUTTAM ENT.,,0,MARCH,,
25-09-2021,AJMERA ENTERPRISE,SALE,PHS 18,IKO,4,775,3100,GAUTTAM ENT.,,0,MARCH,,
27-09-2021,AJMERA ENTERPRISE,SALE,NURT 25-1,IKO,12,1335,16020,GAUTTAM ENT.,,0,MARCH,,
12-11-2021,AJMERA ENTERPRISE,SALE,NK 12/16,IKO,2,240,480,GAUTTAM ENT.,,0,MARCH,,
21-12-2021,AJMERA ENTERPRISE,SALE,TRI 304830,IKO,6,1200,7200,GAUTTAM ENT.,50,300,MARCH,,
15-02-2022,AJMERA ENTERPRISE,1678,RNA 4919,IKO,4,2900,11600,KOHINOOR BRGS,,0,MARCH,,
22-02-2022,AJMERA ENTERPRISE,SALE,81211,IKO,2,2250,4500,GAUTTAM ENT.,,0,MARCH,,
26-02-2022,AJMERA ENTERPRISE,SALE,NATV 30 VV,IKO,6,1100,6600,GAUTTAM ENT.,,0,MARCH,,
04-03-2022,AJMERA ENTERPRISE,SALE,BA 24/16,IKO,20,175,3500,GAUTTAM ENT.,,0,MARCH,,
05-03-2022,AJMERA ENTERPRISE,SALE,NAS 5010 UUNR,IKO,1,3800,3800,GAUTTAM ENT.,,0,MARCH,,
07-03-2022,AJMERA ENTERPRISE,SALE,BA 24/16,IKO,20,175,3500,GAUTTAM ENT.,,0,MARCH,,
06-10-2021,AKSHAT ENTERPRISE,X,30207,JEC,25,125,3125,KOHINOOR BRGS,10,250,MARCH,,
06-10-2021,AKSHAT ENTERPRISE,X,32209,JEC,6,174,1044,KOHINOOR BRGS,10,60,MARCH,,
06-10-2021,AKSHAT ENTERPRISE,X,501349/10,JEC,40,125,5000,KOHINOOR BRGS,10,400,MARCH,,
06-10-2021,AKSHAT ENTERPRISE,X,603049/11,JEC,25,140,3500,KOHINOOR BRGS,10,250,MARCH,,
09-10-2021,AKSHAT ENTERPRISE,SALE,22209,JEC,4,240,960,KOHINOOR BRGS,30,120,MARCH,,
09-10-2021,AKSHAT ENTERPRISE,x,32207,JEC,20,135,2700,KOHINOOR BRGS,15,300,MARCH,,
13-10-2021,AKSHAT ENTERPRISE,SALE,22209,JEC,4,240,960,KOHINOOR BRGS,30,120,MARCH,,
21-10-2021,AKSHAT ENTERPRISE,X,30209,JEC,30,150,4500,KOHINOOR BRGS,10,300,MARCH,,
21-10-2021,AKSHAT ENTERPRISE,X,32207,JEC,20,135,2700,KOHINOOR BRGS,15,300,MARCH,,
21-10-2021,AKSHAT ENTERPRISE,X,501349/10,JEC,29,125,3625,KOHINOOR BRGS,10,290,MARCH,,
26-10-2021,AKSHAT ENTERPRISE,SALE,30209,JEC,30,136,4080,N M SALES AG,9,270,MARCH,,
11-11-2021,AKSHAT ENTERPRISE,SALE,32310,JEC,6,385,2310,KOHINOOR BRGS,40,240,MARCH,,
16-11-2021,AKSHAT ENTERPRISE,X,30209,JEC,25,145,3625,KOHINOOR BRGS,10,250,MARCH,,
17-11-2021,AKSHAT ENTERPRISE,SALE,30209,JEC,33,135,4455,N M SALES AG,10,330,MARCH,,
19-11-2021,AKSHAT ENTERPRISE,X,501349/10,JEC,15,125,1875,KOHINOOR BRGS,10,150,MARCH,,
23-11-2021,AKSHAT ENTERPRISE,SALE,30209,JEC,20,145,2900,N M SALES AG,9,180,MARCH,,
25-12-2021,AKSHAT ENTERPRISE,X,501349/10,JEC,40,125,5000,KOHINOOR BRGS,10,400,MARCH,,
27-12-2021,AKSHAT ENTERPRISE,X,30207,JEC,10,125,1250,KOHINOOR BRGS,8,80,MARCH,,
27-12-2021,AKSHAT ENTERPRISE,X,32207,JEC,10,140,1400,KOHINOOR BRGS,10,100,MARCH,,
27-12-2021,AKSHAT ENTERPRISE,X,501349/10,JEC,10,125,1250,KOHINOOR BRGS,10,100,MARCH,,
28-12-2021,AKSHAT ENTERPRISE,X,30209,JEC,30,145,4350,KOHINOOR BRGS,10,300,MARCH,,
28-12-2021,AKSHAT ENTERPRISE,X,0-12,GEM,22,71.06,1563.32,KOHINOOR BRGS,7.48,164.56,MARCH,,
28-12-2021,AKSHAT ENTERPRISE,X,0-8,GEM,20,47.5,950,KOHINOOR BRGS,2.5,50,MARCH,,
28-12-2021,AKSHAT ENTERPRISE,X,501349/10,JEC,10,125,1250,KOHINOOR BRGS,10,100,MARCH,,
31-12-2021,AKSHAT ENTERPRISE,SALE,30209,JEC,20,135,2700,N M SALES AG,10,200,MARCH,,
07-01-2022,AKSHAT ENTERPRISE,X,501349/10,JEC,15,125,1875,KOHINOOR BRGS,10,150,MARCH,,
07-01-2022,AKSHAT ENTERPRISE,X,603049/10,JEC,20,140,2800,KOHINOOR BRGS,10,200,MARCH,,
13-01-2022,AKSHAT ENTERPRISE,SALE,30209,JEC,20,135,2700,N M SALES AG,10,200,MARCH,,
28-01-2022,AKSHAT ENTERPRISE,SALE,30209,jec,60,135,8100,N M SALES AG,10,600,MARCH,,
03-02-2022,AKSHAT ENTERPRISE,X,30209,jec,25,145,3625,KOHINOOR BRGS,10,250,MARCH,,
03-02-2022,AKSHAT ENTERPRISE,X,501349/10,jec,20,125,2500,KOHINOOR BRGS,10,200,MARCH,,
04-03-2022,AKSHAT ENTERPRISE,X,30207,JEC,20,125,2500,KOHINOOR BRGS,8,160,MARCH,,
04-03-2022,AKSHAT ENTERPRISE,X,30209,JEC,50,145,7250,KOHINOOR BRGS,10,500,MARCH,,
04-03-2022,AKSHAT ENTERPRISE,X,30310,JEC,3,340,1020,KOHINOOR BRGS,25,75,MARCH,,
04-03-2022,AKSHAT ENTERPRISE,X,32211,JEC,6,205,1230,KOHINOOR BRGS,10,60,MARCH,,
04-03-2022,AKSHAT ENTERPRISE,X,0-12,GEM,22,71.06,1563.32,KOHINOOR BRGS,7.48,164.56,MARCH,,
04-03-2022,AKSHAT ENTERPRISE,X,501349/10,JEC,50,125,6250,KOHINOOR BRGS,10,500,MARCH,,
04-03-2022,AKSHAT ENTERPRISE,X,0-22,KKK,6,194.56,1167.36,KOHINOOR BRGS,20,120,MARCH,,
09-03-2022,AKSHAT ENTERPRISE,x,603049/11,JEC,30,140,4200,KOHINOOR BRGS,10,300,MARCH,,
10-03-2022,AKSHAT ENTERPRISE,X,30209,JEC,40,145,5800,KOHINOOR BRGS,10,400,MARCH,,
10-03-2022,AKSHAT ENTERPRISE,X,501349/10,JEC,10,125,1250,KOHINOOR BRGS,10,100,MARCH,,
11-03-2022,AKSHAT ENTERPRISE,X,501349/10,JEC,30,125,3750,KOHINOOR BRGS,10,300,MARCH,,
16-03-2022,AKSHAT ENTERPRISE,X,32207,JEC,15,140,2100,KOHINOOR BRGS,10,150,MARCH,,
17-03-2022,AKSHAT ENTERPRISE,X,32206,JEC,15,125,1875,KOHINOOR BRGS,10,150,MARCH,,
17-03-2022,AKSHAT ENTERPRISE,X,32207,JEC,10,140,1400,KOHINOOR BRGS,10,100,MARCH,,
17-03-2022,AKSHAT ENTERPRISE,X,32310,JEC,6,390,2340,KOHINOOR BRGS,30,180,MARCH,,
24-03-2022,AKSHAT ENTERPRISE,X,48548/10,JEC,10,125,1250,KOHINOOR BRGS,10,100,MARCH,,
24-03-2022,AKSHAT ENTERPRISE,X,501349/10,JEC,30,140,4200,KOHINOOR BRGS,10,300,MARCH,,
31-05-2021,AMPLE BEARING,RECD,NKI 32/20,IKO,26,485,12610,KOHINOOR BRGS,,0,MARCH,,
15-06-2021,AMPLE BEARING,490,NKI 32/20,IKO,30,485,14550,KOHINOOR BRGS,,0,MARCH,,
07-08-2021,AMPLE BEARING,SALE,NURT 15,IKO,2,850,1700,GAUTTAM ENT.,,0,MARCH,,
17-09-2021,AMPLE BEARING,SALE,NART 12 VUUR,IKO,18,575,10350,GAUTTAM ENT.,,0,MARCH,,
13-10-2021,AMPLE BEARING,SALE,LM 25 UU,IKO,3,700,2100,KOHINOOR BRGS,,0,MARCH,,
09-12-2021,AMPLE BEARING,SALE,CF 5 B,IKO,10,325,3250,GAUTTAM ENT.,,0,MARCH,,
07-04-2021,ANIL TRADING CO,SALE,51106,FAG,20,300,6000,GAUTTAM ENT.,,0,MARCH,,
07-04-2021,ANIL TRADING CO,SALE,51207,FAG,10,500,5000,GAUTTAM ENT.,,0,MARCH,,
14-04-2021,ANIL TRADING CO,SALE,1312,FAG,2,2950,5900,HARSH SALES CORP,,0,MARCH,,
27-05-2021,ANIL TRADING CO,SALE,63003 2RS,FAG,6,400,2400,KOHINOOR BRGS,,0,MARCH,,
01-06-2021,ANIL TRADING CO,351,2312 C 3,FAG,1,4600,4600,KOHINOOR BRGS,,0,MARCH,,
21-06-2021,ANIL TRADING CO,559,NUP 308,FAG,2,2800,5600,KOHINOOR BRGS,,0,MARCH,,
24-06-2021,ANIL TRADING CO,617,,FAG,1,56724,56724,KOHINOOR BRGS,,0,MARCH,,
25-06-2021,ANIL TRADING CO,625,,FAG,1,30766,30766,KOHINOOR BRGS,,0,MARCH,,
03-08-2021,ANIL TRADING CO,1028,UCFT 208,FAG,8,1314,10512,KOHINOOR BRGS,,0,MARCH,,
02-09-2021,ANIL TRADING CO,1370,UCT 208,FAG,4,1366.56,5466.24,KOHINOOR BRGS,,0,MARCH,,
09-09-2021,ANIL TRADING CO,1646,UCT 208,FAG,8,1366.56,10932.48,KOHINOOR BRGS,,0,MARCH,,
20-10-2021,ANIL TRADING CO,SALE,UCT 208,FAG,4,1451.84,5807.36,VISHAL RG.CORP,,0,MARCH,,
15-01-2022,ANIL TRADING CO,SALE,2316 M,FAG,2,13500,27000,HARSH SALES CORP,,0,MARCH,,
03-02-2022,ANIL TRADING CO,SALE,UCF 208,FAG,4,1029.84,4119.36,KOHINOOR BRGS,,0,MARCH,,
30-03-2022,ANIL TRADING CO,SALE,NUP 304,FAG,8,1450,11600,KOHINOOR BRGS,,0,MARCH,,
06-05-2021,ANUPAM MKT. P LTD,SALE,2202 E 2RS TN9,SKF,20,1478.03,29560.6,R K ENT.,24.23,484.6,MARCH,,
19-05-2021,ANUPAM MKT. P LTD,SALE,UCP 210,SKF,4,1222.71,4890.84,KOHINOOR BRGS,,0,MARCH,,
24-05-2021,ANUPAM MKT. P LTD,729,LGHP 2.04,SKF,62,611.32,37901.84,KOHINOOR BRGS,,0,MARCH,,
24-05-2021,ANUPAM MKT. P LTD,729,UCP 211,SKF,4,1594.77,6379.08,KOHINOOR BRGS,,0,MARCH,,
07-06-2021,ANUPAM MKT. P LTD,SALE,953,SKF,1,21121.03,21121.03,KOHINOOR BRGS,,0,MARCH,,
09-09-2021,ANUPAM MKT. P LTD,3041,PILOW,SKF,1,22803.78,22803.78,KOHINOOR BRGS,,0,MARCH,,
11-09-2021,ANUPAM MKT. P LTD,SALE,UCFL 205,SKF,2,605.73,1211.46,KOHINOOR BRGS,,0,MARCH,,
11-09-2021,ANUPAM MKT. P LTD,SALE,UCP 209,SKF,2,1421.99,2843.98,KOHINOOR BRGS,,0,MARCH,,
30-11-2021,ANUPAM MKT. P LTD,4926,UCP 208,SKF,10,967.25,9672.5,KOHINOOR BRGS,,0,MARCH,,
16-12-2021,ANUPAM MKT. P LTD,SALE,ucp 204,SKF,2,544.31,1088.62,GAUTTAM ENT.,,0,MARCH,,
16-12-2021,ANUPAM MKT. P LTD,SALE,ucp 210,SKF,2,1345.14,2690.28,GAUTTAM ENT.,,0,MARCH,,
16-12-2021,ANUPAM MKT. P LTD,SALE,ucf 210,SKF,2,1345.14,2690.28,GAUTTAM ENT.,,0,MARCH,,
16-12-2021,ANUPAM MKT. P LTD,SALE,ucp 209,SKF,2,1181.37,2362.74,GAUTTAM ENT.,,0,MARCH,,
21-12-2021,ANUPAM MKT. P LTD,SALE,UCF 206,SKF,8,795.53,6364.24,GAUTTAM ENT.,,0,MARCH,,
01-01-2022,ANUPAM MKT. P LTD,SALE,ucf 210,SKF,4,1370.52,5482.08,KOHINOOR BRGS,,0,MARCH,,
25-01-2022,ANUPAM MKT. P LTD,6161,UCF 206,SKF,30,795.53,23865.9,N M SALES AG,,0,MARCH,,
08-02-2022,ANUPAM MKT. P LTD,SALE,UCF 206,SKF,4,780.52,3122.08,GAUTTAM ENT.,,0,MARCH,,
08-02-2022,ANUPAM MKT. P LTD,SALE,UCF 207,SKF,4,889.2,3556.8,GAUTTAM ENT.,,0,MARCH,,
08-02-2022,ANUPAM MKT. P LTD,SALE,UCF 208,SKF,4,1021.8,4087.2,GAUTTAM ENT.,,0,MARCH,,
08-02-2022,ANUPAM MKT. P LTD,SALE,UCF 209,SKF,4,1175.72,4702.88,GAUTTAM ENT.,,0,MARCH,,
14-02-2022,ANUPAM MKT. P LTD,SALE,UCF 204/205,SKF,4,1216.8,4867.2,GAUTTAM ENT.,,0,MARCH,,
25-02-2022,ANUPAM MKT. P LTD,6948,LGHP 2.04,SKF,62,684.98,42468.76,KOHINOOR BRGS,,0,MARCH,,
04-03-2022,ANUPAM MKT. P LTD,SALE,UCP 204,SKF,14,523.77,7332.78,GAUTTAM ENT.,,0,MARCH,,
04-03-2022,ANUPAM MKT. P LTD,SALE,UCP 206,SKF,2,776.73,1553.46,GAUTTAM ENT.,,0,MARCH,,
17-03-2022,ANUPAM MKT. P LTD,7527,LGHP 2.04,SKF,38,684.98,26029.24,KOHINOOR BRGS,,0,MARCH,,
19-03-2022,ANUPAM MKT. P LTD,7570,LGHP 2.04,SKF,24,684.98,16439.52,KOHINOOR BRGS,,0,MARCH,,
21-03-2022,ANUPAM MKT. P LTD,7593,,SKF,1,3219.12,3219.12,KOHINOOR BRGS,,0,MARCH,,
22-03-2022,ANUPAM MKT. P LTD,7621,,SKF,1,40628.64,40628.64,KOHINOOR BRGS,,0,MARCH,,
23-03-2022,ANUPAM MKT. P LTD,7679,7020CDT/P4BA,SKF,4,10000,40000,KOHINOOR BRGS,500,2000,MARCH,,
19-05-2021,ASHOKA BRG ENTERPRISE,847,UCF 213/UCP 210,SKF,1,67517.18,67517.18,KOHINOOR BRGS,,0,MARCH,,
31-05-2021,ASHOKA BRG ENTERPRISE,1082,23044 CCW33,SKF,2,47350.45,94700.9,N M SALES AG,,0,MARCH,,
09-04-2021,ASHOKA BRG ENTERPRISE,241,FGC 4,FEENER,1,15606.25,0,KOHINOOR BRGS,624.25,624.25,MARCH,,28-04-2021
12-04-2021,ASHOKA BRG ENTERPRISE,245,FGC 4,FEENER,5,15606.25,0,KOHINOOR BRGS,624.25,3121.25,MARCH,,28-04-2021
19-05-2021,ASHOKA BRG ENTERPRISE,846,BC 4,FEENER,1,2653.13,2653.13,KOHINOOR BRGS,63,63,MARCH,,
24-06-2021,ASHOKA BRG ENTERPRISE,1203,UCFL 206,SKF,22,754.72,16603.84,KOHINOOR BRGS,,0,MARCH,,
24-06-2021,ASHOKA BRG ENTERPRISE,1613,UCP 214,SKF,8,3295.01,26360.08,KOHINOOR BRGS,,0,MARCH,,
07-06-2021,ASHOKA BRG ENTERPRISE,1200,,FEENER,1,7391.28,7391.28,KOHINOOR BRGS,107,107,MARCH,,
05-07-2021,ASHOKA BRG ENTERPRISE,1844,snh 511+h 311,skf,1,1601.04,1601.04,KOHINOOR BRGS,,0,MARCH,,
20-09-2021,ASHOKA BRG ENTERPRISE,4363,UCF 209,SKF,38,1089.15,41387.7,KOHINOOR BRGS,,0,MARCH,,
20-09-2021,ASHOKA BRG ENTERPRISE,2454,UCFL 206,SKF,10,754.72,7547.2,KOHINOOR BRGS,,0,MARCH,,
09-07-2021,ASHOKA BRG ENTERPRISE,1969,,SIBCO,1,1715.4,1715.4,KOHINOOR BRGS,,0,MARCH,,
20-07-2021,ASHOKA BRG ENTERPRISE,2278,,skf/loy,1,4293.24,4293.24,KOHINOOR BRGS,26,26,MARCH,,
20-09-2021,ASHOKA BRG ENTERPRISE,4372,UCFL 206,SKF,18,754.72,13584.96,KOHINOOR BRGS,,0,MARCH,,
20-09-2021,ASHOKA BRG ENTERPRISE,SALE,UCFL 206,SKF,2,754.72,1509.44,GAUTTAM ENT.,,0,MARCH,,
20-09-2021,ASHOKA BRG ENTERPRISE,SALE,UCF 208,SKF,4,1030.85,4123.4,GAUTTAM ENT.,,,MARCH,,
20-09-2021,ASHOKA BRG ENTERPRISE,SALE,UCFL 208,SKF,4,946.05,3784.2,GAUTTAM ENT.,,0,MARCH,,
30-09-2021,ASHOKA BRG ENTERPRISE,SALE,UCF 207,SKF,4,823.62,3294.48,GAUTTAM ENT.,,0,MARCH,,
17-11-2021,ASHOKA BRG ENTERPRISE,SALE,7319 BECBM,SKF,1,33888.6,33888.6,N M SALES AG,,0,MARCH,,
07-12-2021,ASHOKA BRG ENTERPRISE,3586,UCF 210,SKF,22,1319.76,29034.72,KOHINOOR BRGS,,0,MARCH,,
11-10-2021,ASHOKA BRG ENTERPRISE,5134,6307/8 Z,SKS,1,13870.08,13870.08,GAUTTAM ENT.,,,MARCH,,
09-11-2021,ASHOKA BRG ENTERPRISE,SALE,SW 190,LOY-JOY,8,1821.04,14568.32,KOHINOOR BRGS,,0,MARCH,,
08-12-2021,ASHOKA BRG ENTERPRISE,2585,UCF 210,SKF,40,1319.76,52790.4,KOHINOOR BRGS,,0,MARCH,,
13-12-2021,ASHOKA BRG ENTERPRISE,SALE,UCFL 206,SKF,15,830.51,12457.65,KOHINOOR BRGS,,0,MARCH,,
15-12-2021,ASHOKA BRG ENTERPRISE,7376,UCP 208,SKF,2,1074.24,2148.48,KOHINOOR BRGS,,0,MARCH,,
20-12-2021,ASHOKA BRG ENTERPRISE,7555,,SKF,1,24509.32,24509.32,KOHINOOR BRGS,,0,MARCH,,
31-12-2021,ASHOKA BRG ENTERPRISE,7986,,SKF,2,6800,13600,RUSHBH ENT.,200,400,MARCH,,
31-12-2021,ASHOKA BRG ENTERPRISE,7986,,SKF,1,9667.35,9667.35,RUSHBH ENT.,306.9,306.9,MARCH,153.45,
17-01-2022,ASHOKA BRG ENTERPRISE,SALE,16012,SKF,2,1891.2,3782.4,KOHINOOR BRGS,,0,MARCH,,
05-02-2022,ASHOKA BRG ENTERPRISE,5136,4202 ATN 9,SKF,15,1259.84,18897.6,KOHINOOR BRGS,,0,MARCH,,
07-02-2022,ASHOKA BRG ENTERPRISE,3696,4202 ATN9,SKF,4,1219.2,4876.8,KOHINOOR BRGS,,0,MARCH,,
10-03-2022,ASHOKA BRG ENTERPRISE,10566,PHC 10B -1X10FTI,SKF,2,1171.2,2342.4,GAUTTAM ENT.,,0,MARCH,,
02-04-2021,ATUL CORP,SALE,6004 ZZ/6016 2RS,FAG,1,3932,3932,N M SALES AG,,0,MARCH,,
26-05-2021,ATUL CORP,SALE,6204 ZZ B,FAG,552,85,46920,N M SALES AG,1,552,MARCH,,
27-05-2021,ATUL CORP,SALE,6204 ZZ B,FAG,552,85,46920,N M SALES AG,1,552,MARCH,,
05-06-2021,ATUL CORP,SALE,6204 ZZ B,FAG,1380,85,117300,N M SALES AG,1,1380,MARCH,,
01-07-2021,ATUL CORP,928,6207 ZZC3 B,FAG,90,195,17550,KOHINOOR BRGS,,0,MARCH,,
01-07-2021,ATUL CORP,929,6005 ZZ,FAG,66,123,8118,N M SALES AG,,0,MARCH,,
05-07-2021,ATUL CORP,964,6004 ZZ,FAG,50,97,4850,N M SALES AG,,0,MARCH,,
22-12-2021,ATUL CORP,2736,6006 ZZ,FAG,100,132,13200,N M SALES AG,,0,MARCH,,
18-01-2022,ATUL CORP,SALE,22218 C3 B,FAG,13,3982.66,51774.58,GAUTTAM ENT.,,0,MARCH,,
08-02-2022,ATUL CORP,3194,6006 Z,FAG,55,132,7260,N M SALES AG,,0,MARCH,,
01-03-2022,ATUL CORP,3415,6204 2RS C3,FAG,132,134,17688,KOHINOOR BRGS,,0,MARCH,,
08-03-2022,ATUL CORP,2475,6006 ZZ,FAG,37,134,4958,N M SALES AG,5,185,MARCH,,
12-07-2021,ATUL CORP ,1049,6004 ZZ,FAG,1,2970,2970,KOHINOOR BRGS,,0,MARCH,,
16-07-2021,ATUL CORP ,1104,6313 ZZ,FAG,2,1340,2680,KOHINOOR BRGS,,0,MARCH,,
03-08-2021,ATUL CORP ,SALE,6207 ZZC3 B,FAG,90,195,17550,KOHINOOR BRGS,,0,MARCH,,
17-08-2021,ATUL CORP ,SALE,6207 ZZ C3,FAG,90,195,17550,KOHINOOR BRGS,,0,MARCH,,
02-09-2021,ATUL CORP ,1621,6207 ZZ C3 B,FAG,90,195,17550,KOHINOOR BRGS,,0,MARCH,,
14-09-2021,ATUL CORP ,1728,6207 ZZ C3,FAG,270,195,52650,KOHINOOR BRGS,,0,MARCH,,
28-12-2021,BBMC,1201,51105,FAG,2,300,600,KOHINOOR BRGS,,0,MARCH,,
28-12-2021,BBMC,1201,51106,FAG,2,340,680,KOHINOOR BRGS,,0,MARCH,,
20-09-2021,BEREWELL TRADERS,SALE,6011,NTN,2,500,1000,GAUTTAM ENT.,,0,MARCH,,
08-10-2021,BEREWELL TRADERS,5273,2316 K,NTN,1,7200,7200,KOHINOOR BRGS,,0,MARCH,,
16-11-2021,BEREWELL TRADERS,SALE,2316 K,NTN,2,7300,14600,VIKAS TRADING CO,,0,MARCH,,
27-12-2021,BEREWELL TRADERS,,6008 ZZ,NTT,6,265,1590,VIRAJ ENTER.,,0,MARCH,,
10-01-2022,BEREWELL TRADERS,SALE,6208 2RS,NTN,8,350,2800,KOHINOOR BRGS,,0,MARCH,,
17-02-2022,BEREWELL TRADERS,SALE,6901 ZZ,NTN,20,115,2300,GAUTTAM ENT.,,0,MARCH,,
01-03-2022,BEREWELL TRADERS,SALE,6904 ZZ,NTN,4,185,740,GAUTTAM ENT.,,0,MARCH,,
01-07-2021,BHARTI ENTERPRISE,613,51118,BCI,5,279,1395,KOHINOOR BRGS,,0,MARCH,,
01-09-2021,BHARTI ENTERPRISE,SALE,51105,KSK,14,35,490,KOHINOOR BRGS,,0,MARCH,,
13-09-2021,BHARTI ENTERPRISE,SALE,51104,KSK,20,23,460,KOHINOOR BRGS,,0,MARCH,,
27-09-2021,BHARTI ENTERPRISE,SALE,51220,BCI,2,813,1626,KOHINOOR BRGS,,0,MARCH,,
30-09-2021,BHARTI ENTERPRISE,SALE,51105,CHINA,10,30,300,KOHINOOR BRGS,,0,MARCH,,
05-10-2021,BHARTI ENTERPRISE,SALE,51105,CME,20,30,600,KOHINOOR BRGS,,0,MARCH,,
05-10-2021,BHARTI ENTERPRISE,SALE,51104,KSK,20,22,440,KOHINOOR BRGS,,0,MARCH,,
05-10-2021,BHARTI ENTERPRISE,SALE,51106,CME,10,35,350,KOHINOOR BRGS,,0,MARCH,,
05-10-2021,BHARTI ENTERPRISE,SALE,51307,KSK,5,135,675,KOHINOOR BRGS,,0,MARCH,,
14-10-2021,BHARTI ENTERPRISE,SALE,0-14,KSK,18,110,1980,KOHINOOR BRGS,,0,MARCH,,
15-11-2021,BHARTI ENTERPRISE,SALE,51205,KSK,10,48,480,KOHINOOR BRGS,,0,MARCH,,
14-01-2022,BHARTI ENTERPRISE,SALE,51316,KSK,1,375,375,KOHINOOR BRGS,,0,MARCH,,
14-01-2022,BHARTI ENTERPRISE,SALE,51312,KSK,1,650,650,KOHINOOR BRGS,,0,MARCH,,
14-01-2022,BHARTI ENTERPRISE,SALE,51205,KSK,20,45,900,KOHINOOR BRGS,,0,MARCH,,
10-02-2022,BHARTI ENTERPRISE,SALE,30212,ZBN,2,260,520,KOHINOOR BRGS,,0,MARCH,,
19-02-2022,BHARTI ENTERPRISE,2683,51111,BCI,15,143.4,2151,KOHINOOR BRGS,,0,MARCH,,
01-03-2022,BHARTI ENTERPRISE,SALE,51307,KSK,20,135,2700,KOHINOOR BRGS,,0,MARCH,,
01-10-2021,BMT CORP,SALE,NA 4900 2RS,IKO,6,400,2400,GAUTTAM ENT.,,0,MARCH,,
07-10-2021,BMT CORP,SALE,NKI45/20,IKO,2,630,1260,GAUTTAM ENT.,,0,MARCH,,
20-10-2021,BMT CORP,SALE,CF 24-1 BUUR,IKO,2,1650,3300,GAUTTAM ENT.,,0,MARCH,,
30-11-2021,BMT CORP,SALE,RNA 4904,IKO,22,275,6050,GAUTTAM ENT.,,0,MARCH,,
21-12-2021,BMT CORP,303,NK 110/40,IKO,4,3575,14300,KOHINOOR BRGS,200,800,MARCH,,
21-12-2021,BMT CORP,SALE,LM 25,IKO,4,700,2800,KOHINOOR BRGS,,0,MARCH,,
31-12-2021,BMT CORP,SALE,RNA 4909,IKO,6,475,2850,GAUTTAM ENT.,,0,MARCH,153.45,
07-01-2022,BMT CORP,SALE,BA 24/16,IKO,16,190,3040,GAUTTAM ENT.,,0,MARCH,,
27-01-2022,BMT CORP,SALE,GE 80 ES,IKO,2,2625,5250,GAUTTAM ENT.,,0,MARCH,,
12-03-2022,BMT CORP,SALE,NA 4915,WBT,2,580,1160,GAUTTAM ENT.,,0,MARCH,,
12-03-2022,BMT CORP,SALE,NA 4916,WBT,2,675,1350,GAUTTAM ENT.,,0,MARCH,,
13-11-2021,CHETANKUMAR & BROS,SALE,NUTR 15,INA,6,1000,6000,GAUTTAM ENT.,,0,MARCH,,
15-01-2022,CHETANKUMAR & BROS,SALE,HF 20/16,INA,50,295,14750,GAUTTAM ENT.,,0,MARCH,,
22-01-2022,CHETANKUMAR & BROS,SALE,LR5204 ZZ,INA,10,1600,16000,GAUTTAM ENT.,,0,MARCH,,
08-10-2021,CIR CLIP ENGGINERS,SALE,A 75,CIR-CLIP,200,13.25,0,N M SALES AG,2.65,530,MARCH,,
22-10-2021,CIR CLIP ENGGINERS,SALE,A 75,CIR-CLIP,200,13.25,0,N M SALES AG,2.65,530,MARCH,,
22-10-2021,CIR CLIP ENGGINERS,SALE,B 47,CIR-CLIP,1500,2.5,0,N M SALES AG,0.5,750,MARCH,,
09-11-2021,CIR CLIP ENGGINERS,SALE,A 75,CIR-CLIP,400,13.25,0,N M SALES AG,2.65,1060,MARCH,,
09-11-2021,CIR CLIP ENGGINERS,SALE,B 47,CIR-CLIP,1500,2.5,0,N M SALES AG,0.5,750,MARCH,,
08-12-2021,CIR CLIP ENGGINERS,SALE,B 47,CIR-CLIP,1500,2.5,0,N M SALES AG,0.5,750,MARCH,,
08-12-2021,CIR CLIP ENGGINERS,SALE,B 52,CIR-CLIP,200,3.75,0,N M SALES AG,0.75,150,MARCH,,
07-01-2022,CIR CLIP ENGGINERS,1173,B 52,CIR-CLIP,200,3.75,0,N M SALES AG,0.75,150,MARCH,,
17-01-2022,CIR CLIP ENGGINERS,1173,A 75,CIR-CLIP,200,13.25,0,N M SALES AG,2.65,530,MARCH,,
17-01-2022,CIR CLIP ENGGINERS,1173,B 52,CIR-CLIP,200,3.75,0,N M SALES AG,0.75,150,MARCH,,
31-01-2022,CIR CLIP ENGGINERS,1173,A 75,CIR-CLIP,200,13.25,0,N M SALES AG,2.65,530,MARCH,,
31-01-2022,CIR CLIP ENGGINERS,1173,B 47,CIR-CLIP,1000,2.5,0,N M SALES AG,0.5,500,MARCH,,
31-01-2022,CIR CLIP ENGGINERS,1173,B 52,CIR-CLIP,200,3.75,0,N M SALES AG,0.75,150,MARCH,,
11-02-2022,CIR CLIP ENGGINERS,SALE,A 75,CIR-CLIP,400,13.25,0,N M SALES AG,2.65,1060,MARCH,,
11-02-2022,CIR CLIP ENGGINERS,SALE,B 47,CIR-CLIP,1500,2.5,0,N M SALES AG,0.5,750,MARCH,,
11-02-2022,CIR CLIP ENGGINERS,SALE,B 52,CIR-CLIP,200,3.75,0,N M SALES AG,0.75,150,MARCH,,
26-02-2022,CIR CLIP ENGGINERS,SALE,A 75,CIR-CLIP,300,13.25,0,N M SALES AG,2.65,795,MARCH,,
26-02-2022,CIR CLIP ENGGINERS,SALE,B 47,CIR-CLIP,2000,2.5,0,N M SALES AG,0.5,1000,MARCH,,
25-03-2022,CIR CLIP ENGGINERS,SALE,B 52,CIR-CLIP,300,3.75,0,N M SALES AG,0.75,225,MARCH,,
19-04-2021,D K ENTERPRISE,RECD,33208,SKF,20,1630,32600,KOHINOOR BRGS,,0,MARCH,,
31-05-2021,D K ENTERPRISE,RECD,23026 CC WW,SKF,1,20286,20286,N M SALES AG,343,343,MARCH,,
16-07-2021,D K ENTERPRISE,SALE,6012 ZZ,SKF,4,1088,4352,KOHINOOR BRGS,,0,MARCH,,
19-07-2021,D K ENTERPRISE,SALE,NJ2308 ECP C3,SKF,2,3825,7650,N M SALES AG,,0,MARCH,,
18-08-2021,D K ENTERPRISE,SALE,7308 BEP,SKF,1,1708.5,1708.5,KOHINOOR BRGS,34,34,MARCH,,
19-08-2021,D K ENTERPRISE,SALE,6218,SKF,1,3447,3447,KOHINOOR BRGS,,0,MARCH,,
24-08-2021,D K ENTERPRISE,SALE,7214 BEP,SKF,1,3299,3299,KOHINOOR BRGS,138,138,MARCH,,
15-12-2021,D K ENTERPRISE,3649,22314,SKF,1,8500,8500,KOHINOOR BRGS,250,250,MARCH,,
27-05-2021,DEEPAK C J ,SALE,6812 2RS,NTN,2,950,1900,GAUTTAM ENT.,,0,MARCH,,
08-06-2021,DEEPAK C J ,SALE,6801 ZZ,NTN,20,120,2400,GAUTTAM ENT.,,0,MARCH,,
14-06-2021,DEEPAK C J ,SALE,6910 ZZ,NTN,10,400,4000,GAUTTAM ENT.,,0,MARCH,,
07-07-2021,DEEPAK C J ,SALE,6814,NTN,2,1100,2200,GAUTTAM ENT.,,0,MARCH,,
07-07-2021,DEEPAK C J ,SALE,6909 ZZ,NTN,7,350,2450,GAUTTAM ENT.,,0,MARCH,,
12-07-2021,DEEPAK C J ,SALE,6814,NTN,4,1100,4400,GAUTTAM ENT.,,0,MARCH,,
12-07-2021,DEEPAK C J ,SALE,6814,NTN,2,1100,2200,GAUTTAM ENT.,,0,MARCH,,
16-07-2021,DEEPAK C J ,SALE,6868,CNZ,1,9750,9750,GAUTTAM ENT.,,0,MARCH,,
19-07-2021,DEEPAK C J ,546,61856,CNZ,1,6300,6300,N M SALES AG,,0,MARCH,,
23-07-2021,DEEPAK C J ,X,6813,NTN,1,750,750,KOHINOOR BRGS,,0,MARCH,,
27-07-2021,DEEPAK C J ,SALE,6910 2RS,NTN,10,500,5000,KOHINOOR BRGS,,0,MARCH,,
29-07-2021,DEEPAK C J ,SALE,6910 ZZ,NTN,6,400,2400,GAUTTAM ENT.,,0,MARCH,,
02-08-2021,DEEPAK C J ,SALE,6901 ZZ,NTN,16,110,1760,GAUTTAM ENT.,,0,MARCH,,
17-08-2021,DEEPAK C J ,SALE,6900 ZZ,NTN,100,105,10500,GAUTTAM ENT.,,0,MARCH,,
20-08-2021,DEEPAK C J ,SALE,6910 2RS,NTN,6,500,3000,KOHINOOR BRGS,,0,MARCH,,
04-10-2021,DEEPAK C J ,SALE,6910 2RS,NTN,15,500,7500,KOHINOOR BRGS,,0,MARCH,,
15-11-2021,DEEPAK C J ,SALE,6804 ZZ,NTN,10,215,2150,KOHINOOR BRGS,,0,MARCH,,
18-11-2021,DEEPAK C J ,SALE,6200 2RS SS,CNZ,78,130,10140,GAUTTAM ENT.,,0,MARCH,,
16-12-2021,DEEPAK C J ,SALE,6901 ZZ,NTN,14,100,1400,GAUTTAM ENT.,,0,MARCH,,
16-12-2021,DEEPAK C J ,SALE,6905 ZZ,NTN,10,150,1500,GAUTTAM ENT.,,0,MARCH,,
16-12-2021,DEEPAK C J ,SALE,6805 ZZ,NTN,5,180,900,GAUTTAM ENT.,,0,MARCH,,
16-12-2021,DEEPAK C J ,SALE,6902 ZZ ,NTN,10,105,1050,GAUTTAM ENT.,,0,MARCH,,
16-12-2021,DEEPAK C J ,SALE,6903 ZZ,NTN,10,135,1350,GAUTTAM ENT.,,0,MARCH,,
23-12-2021,DEEPAK C J ,SALE,6901 ZZ,NTN,6,100,600,GAUTTAM ENT.,,0,MARCH,,
23-12-2021,DEEPAK C J ,SALE,6908 2RS,NTN,4,300,1200,GAUTTAM ENT.,,0,MARCH,,
23-12-2021,DEEPAK C J ,SALE,6902 2RS,NTN,2,110,220,GAUTTAM ENT.,,0,MARCH,,
27-12-2021,DEEPAK C J ,SALE,6900 ZZ,NTN,30,110,3300,GAUTTAM ENT.,,0,MARCH,,
01-01-2022,DEEPAK C J ,SALE,6908 ZZ,NTN,4,300,1200,KOHINOOR BRGS,,0,MARCH,,
01-01-2022,DEEPAK C J ,SALE,6914,NTN,2,1100,2200,GAUTTAM ENT.,,0,MARCH,,
03-01-2022,DEEPAK C J ,SALE,6948 M,CNZ,2,6500,13000,GAUTTAM ENT.,,0,MARCH,,
10-01-2022,DEEPAK C J ,SALE,6804 ZZ,NTN,4,225,900,GAUTTAM ENT.,,0,MARCH,,
10-01-2022,DEEPAK C J ,SALE,6808 ZZ,NTN,2,300,600,GAUTTAM ENT.,,0,MARCH,,
10-01-2022,DEEPAK C J ,SALE,6901 ZZ,NTN,5,110,550,GAUTTAM ENT.,,0,MARCH,,
10-01-2022,DEEPAK C J ,SALE,6900 ZZ,NTN,5,110,550,GAUTTAM ENT.,,0,MARCH,,
14-01-2022,DEEPAK C J ,SALE,6002 ZZ,CNZ,24,150,3600,GAUTTAM ENT.,,0,MARCH,,
17-01-2022,DEEPAK C J ,SALE,6805 ZZ,NTN,3,185,555,GAUTTAM ENT.,,0,MARCH,,
17-01-2022,DEEPAK C J ,SALE,6806 ZZ,NTN,2,225,450,GAUTTAM ENT.,,0,MARCH,,
17-01-2022,DEEPAK C J ,SALE,6906 ZZ,NTN,2,200,400,GAUTTAM ENT.,,0,MARCH,,
17-01-2022,DEEPAK C J ,SALE,6900 ZZ,NTN,5,110,550,GAUTTAM ENT.,,0,MARCH,,
18-01-2022,DEEPAK C J ,SALE,6806 ZZ,NTN,6,225,1350,GAUTTAM ENT.,,0,MARCH,,
18-01-2022,DEEPAK C J ,SALE,6808 ZZ,NTN,3,300,900,GAUTTAM ENT.,,0,MARCH,,
18-01-2022,DEEPAK C J ,SALE,6805 ZZ,NTN,4,185,740,GAUTTAM ENT.,,0,MARCH,,
21-01-2022,DEEPAK C J ,SALE,H 7007  C 2RZ P4,CNZ,2,2800,5600,GAUTTAM ENT.,,0,MARCH,,
07-02-2022,DEEPAK C J ,SALE,6914 ZZ,NTN,2,1150,2300,GAUTTAM ENT.,,0,MARCH,,
21-02-2022,DEEPAK C J ,SALE,6909 ZZ,NTN,4,350,1400,GAUTTAM ENT.,,0,MARCH,,
21-02-2022,DEEPAK C J ,SALE,6902 ZZ,NTN,6,110,660,GAUTTAM ENT.,,0,MARCH,,
01-03-2022,DEEPAK C J ,SALE,6814 ZZ,NTN,2,1300,2600,GAUTTAM ENT.,,0,MARCH,,
12-10-2021,HINDPALJI,1489,22216 EK,SKF,4,5800,23200,KOHINOOR BRGS,100,400,MARCH,,
30-10-2021,HINDPALJI,SALE,6204 ZZ,SKF,360,80,28800,KOHINOOR BRGS,1,360,MARCH,,
13-11-2021,HINDPALJI,SALE,6203 ZZ B,SKF,301,58.5,17608.5,KOHINOOR BRGS,2.5,752.5,MARCH,,
17-12-2021,HINDPALJI,SALE,6205 ZZ B,SKF,90,98,8820,KOHINOOR BRGS,,0,MARCH,,
09-11-2021,HINDPALJI,1705/AE,,FAG,1,6214,6214,KOHINOOR BRGS,,0,MARCH,,
22-12-2021,HINDPALJI,2140,6205 ZZ B,SKF,90,98,8820,N M SALES AG,,0,MARCH,,
17-11-2021,HINDPALJI,SALE,6007 ZZ,FAG,50,170,8500,N M SALES AG,,0,MARCH,,
18-11-2021,HINDPALJI,SALE,6007 ZZ,FAG,40,170.5,6820,N M SALES AG,,0,MARCH,,
24-11-2021,HINDPALJI,SALE,6204 2RS C3,FAG,66,127,8382,GAUTTAM ENT.,,0,MARCH,,
30-11-2021,HINDPALJI,1924,6210 ZZ,FAG,8,312.13,2497.04,N M SALES AG,,0,MARCH,,
07-12-2021,HINDPALJI,3122,6006 2RS,FAG,35,148.47,5196.45,KOHINOOR BRGS,,0,MARCH,,
27-12-2021,HINDPALJI,SALE,6208 ZZ,SKF,24,280,6720,KOHINOOR BRGS,,0,MARCH,,
21-12-2021,HINDPALJI,2123,6204 2RS C3,FAG,132,115,15180,KOHINOOR BRGS,,0,MARCH,,
27-12-2021,HINDPALJI,SALE,6204 ZZ ,SKF,360,79,28440,N M SALES AG,2,720,MARCH,,
27-12-2021,HINDPALJI,,6002 ZZ,SKF,6,70,420,VIRAJ ENTER.,,0,MARCH,,
27-12-2021,HINDPALJI,,608 ZZ,SKF,10,74,740,VIRAJ ENTER.,,0,MARCH,,
28-12-2021,HINDPALJI,SALE,6216 zz,skf,1,2709,2709,N M SALES AG,,0,MARCH,,
28-12-2021,HINDPALJI,SALE,608 2rs,skf,30,94,2820,N M SALES AG,,0,MARCH,,
29-12-2021,HINDPALJI,SALE,6204 ZZ ,SKF,240,79,18960,N M SALES AG,2,480,MARCH,,
04-02-2022,HINDPALJI,SALE,6015 ZZ,SKF,2,2004,4008,KOHINOOR BRGS,,0,MARCH,,
11-02-2022,HINDPALJI,2724,608/ 2RS,SKF,30,95,2850,N M SALES AG,,0,MARCH,,
25-01-2022,HINDPALJI,2581,6007 ZZ,FAG,60,171.99,10319.4,N M SALES AG,,0,MARCH,,
28-01-2022,HINDPALJI,SALE,6207 ZZ,FAG,40,220.5,8820,N M SALES AG,,0,MARCH,,
25-02-2022,HINDPALJI,SALE,6208 ZZ,SKF,24,275,6600,KOHINOOR BRGS,,0,MARCH,,
08-02-2022,HINDPALJI,4145/N,6005ZZ/6008 ZZ,FAG,1,8224.65,8224.65,KOHINOOR BRGS,,0,MARCH,,
26-02-2022,HINDPALJI,SALE,6305 ZZ B,SKF,60,160,9600,KOHINOOR BRGS,5,300,MARCH,,
28-02-2022,HINDPALJI,SALE,22308 K,FAG,2,2071.43,4142.86,GAUTTAM ENT.,,0,MARCH,,
02-03-2022,HINDPALJI,4527,6207 ZZ,FAG,20,220.5,4410,N M SALES AG,,0,MARCH,,
14-03-2022,HINDPALJI,4708,6207 ZZ,FAG,30,220.5,6615,N M SALES AG,,0,MARCH,,
15-03-2022,HINDPALJI,4735,22212K,FAG,2,2146.99,4293.98,KOHINOOR BRGS,,0,MARCH,,
25-05-2021,INDO ENGG CORP,X,63003 2RS,FAG,2,400,800,KOHINOOR BRGS,,0,MARCH,,
26-07-2021,INDO ENGG CORP,1822,23132 K M,FAG,1,18797,18797,KOHINOOR BRGS,,0,MARCH,,
27-09-2021,INDO ENGG CORP,SALE,29415,FAG,2,18000,36000,GAUTTAM ENT.,,0,MARCH,,
19-02-2022,INDO ENGG CORP,SALE,QJ 215 N2MPAC4 F59,FAG,2,9200,18400,GAUTTAM ENT.,,0,MARCH,,
14-03-2022,INDO ENGG CORP,5779,23132 K,FAG,6,19790.58,118743.48,KOHINOOR BRGS,,0,MARCH,,
03-04-2021,J INDUSTRIAL P LTD,142,MB 38,J&J,22,356,7832,KOHINOOR BRGS,,0,MARCH,,
05-04-2021,J INDUSTRIAL P LTD,SALE,KM 8,J & J,100,33.12,3312,N M SALES AG,,0,MARCH,,
10-04-2021,J INDUSTRIAL P LTD,651,,J & J,1,3549,3549,KOHINOOR BRGS,,0,MARCH,,
14-04-2021,J INDUSTRIAL P LTD,SALE,KM 8,J & J,100,33.12,3312,N M SALES AG,,0,MARCH,,
18-05-2021,J INDUSTRIAL P LTD,809,,J & J,1,2300,2300,KOHINOOR BRGS,,0,MARCH,,
07-06-2021,J INDUSTRIAL P LTD,1141,,J & J,1,6052,6052,KOHINOOR BRGS,,0,MARCH,,
18-06-2021,J INDUSTRIAL P LTD,x,fs 460,,15,28,420,KOHINOOR BRGS,,0,MARCH,,
25-06-2021,J INDUSTRIAL P LTD,1832,KM 5,JIC,10,40.2,402,KOHINOOR BRGS,,0,MARCH,,
26-07-2021,J INDUSTRIAL P LTD,2904,,J & J,1,2302,2302,KOHINOOR BRGS,,0,MARCH,,
01-09-2021,J INDUSTRIAL P LTD,SALE,,J & J,1,4446,4446,GAUTTAM ENT.,,0,MARCH,,
04-09-2021,J INDUSTRIAL P LTD,4697,SD 3134TS,J&J,1,29308,29308,GAUTTAM ENT.,,0,MARCH,,
11-09-2021,J INDUSTRIAL P LTD,4952,,J & J,1,2852,2852,KOHINOOR BRGS,,0,MARCH,,
14-09-2021,J INDUSTRIAL P LTD,SALE,,J&J,1,4266.24,4266.24,GAUTTAM ENT.,,0,MARCH,,
16-09-2021,J INDUSTRIAL P LTD,SALE,SD 3134TS,J & J,2,12521.28,25042.56,GAUTTAM ENT.,,0,MARCH,,
22-09-2021,J INDUSTRIAL P LTD,X,KM 10,J & J,3,46,138,KOHINOOR BRGS,,0,MARCH,,
27-09-2021,J INDUSTRIAL P LTD,5714,HM 44,J & J,1,7157.16,7157.16,KOHINOOR BRGS,,0,MARCH,,
08-10-2021,J INDUSTRIAL P LTD,1687,,J & J,1,3587,3587,KOHINOOR BRGS,,0,MARCH,,
18-11-2021,J INDUSTRIAL P LTD,7890,SNA520+H320,J & J,1,7955.2,7955.2,GAUTTAM ENT.,,0,MARCH,,
20-11-2021,J INDUSTRIAL P LTD,7957,SNA 513+H313,J & J,1,2878.32,2878.32,GAUTTAM ENT.,,0,MARCH,,
26-11-2021,J INDUSTRIAL P LTD,8361,,J & J,1,3363.32,3363.32,GAUTTAM ENT.,,,MARCH,,
27-11-2021,J INDUSTRIAL P LTD,8306,,J & J,1,876,876,GAUTTAM ENT.,,,MARCH,,
27-11-2021,J INDUSTRIAL P LTD,8319,,J & J,1,1531.2,1531.2,GAUTTAM ENT.,,,MARCH,,
29-11-2021,J INDUSTRIAL P LTD,8366,,J & J,1,20760.5,20760.5,GAUTTAM ENT.,,0,MARCH,,
01-12-2021,J INDUSTRIAL P LTD,8466,,J & J,1,4828,4828,KOHINOOR BRGS,,0,MARCH,,
02-12-2021,J INDUSTRIAL P LTD,8508,H 3156,J & J,1,6967.2,6967.2,GAUTTAM ENT.,,0,MARCH,,
15-12-2021,J INDUSTRIAL P LTD,9098,KM 5,JIC,15,603,603,KOHINOOR BRGS,,0,MARCH,,
07-01-2022,J INDUSTRIAL P LTD,10038,,J & J,1,7741.2,7741.2,GAUTTAM ENT.,,0,MARCH,,
07-01-2022,J INDUSTRIAL P LTD,10140,,J & J,1,7400,7400,KOHINOOR BRGS,,0,MARCH,,
11-01-2022,J INDUSTRIAL P LTD,3936,,J & J,1,4386.72,4386.72,GAUTTAM ENT.,,,MARCH,,
17-01-2022,J INDUSTRIAL P LTD,SALE,SN 509/510,J & J,4,,0,GAUTTAM ENT.,,0,MARCH,,
18-01-2022,J INDUSTRIAL P LTD,10652,S 615,J & J,1,4214,4214,GAUTTAM ENT.,,0,MARCH,,
28-01-2022,J INDUSTRIAL P LTD,SALE,H 3156,J & J,1,6967.2,6967.2,GAUTTAM ENT.,,0,MARCH,,
28-01-2022,J INDUSTRIAL P LTD,SALE,S 510/310,J & J,,,0,GAUTTAM ENT.,,0,MARCH,,
03-02-2022,J INDUSTRIAL P LTD,11369,,J & J,1,12708,12708,GAUTTAM ENT.,,0,MARCH,,
25-02-2022,J INDUSTRIAL P LTD,12425,,J & J,1,8160,8160,KOHINOOR BRGS,,0,MARCH,,
26-02-2022,J INDUSTRIAL P LTD,13724,KM 10,JIC,50,73.2,3660,KOHINOOR BRGS,,0,MARCH,,
28-02-2022,J INDUSTRIAL P LTD,12530,,J & J,1,2265,2265,KOHINOOR BRGS,,0,MARCH,,
02-03-2022,J INDUSTRIAL P LTD,12642,,JIC,1,2064,2064,KOHINOOR BRGS,,0,MARCH,,
04-03-2022,J INDUSTRIAL P LTD,12719,,J & J,1,2642.5,2642.5,KOHINOOR BRGS,,0,MARCH,,
07-03-2022,J INDUSTRIAL P LTD,12835,,J & J,1,350.4,350.4,KOHINOOR BRGS,,0,MARCH,,
09-03-2022,J INDUSTRIAL P LTD,12999,,J & J,1,2888.04,2888.04,GAUTTAM ENT.,,0,MARCH,,
14-03-2022,J INDUSTRIAL P LTD,SALE,,J & J,1,14220.24,14220.24,GAUTTAM ENT.,,0,MARCH,,
14-03-2022,J INDUSTRIAL P LTD,13193,H 3124/32,J & J,10,2067.36,20673.6,KOHINOOR BRGS,,0,MARCH,,
15-03-2022,J INDUSTRIAL P LTD,13261,H 312,J & J,1,207,207,KOHINOOR BRGS,,0,MARCH,,
16-03-2022,J INDUSTRIAL P LTD,13311,,J & J,1,6929.28,6929.28,GAUTTAM ENT.,,0,MARCH,,
19-03-2022,J INDUSTRIAL P LTD,13428,,J & J,1,22102,22102,GAUTTAM ENT.,,0,MARCH,,
25-03-2022,J INDUSTRIAL P LTD,,,,,,0,GAUTTAM ENT.,,0,MARCH,,
25-03-2022,J INDUSTRIAL P LTD,13701,,J & J,1,6480.88,6480.88,GAUTTAM ENT.,,0,MARCH,,
05-04-2021,JAYCHENDRA BRG. P LTD,SALE,NUKR 62,NEKIB,1,1050,1050,GAUTTAM ENT.,,0,MARCH,,
22-04-2021,JAYCHENDRA BRG. P LTD,x,nki 20/12,NEKIB,10,125,1250,GAUTTAM ENT.,,0,MARCH,,
27-04-2021,JAYCHENDRA BRG. P LTD,SALE,HGR 45 X4000MM,RAIL,1,17400,17400,GAUTTAM ENT.,1000,1000,MARCH,,
04-05-2021,JAYCHENDRA BRG. P LTD,SALE,BA 12/12 Z,NEKIB,20,42,840,GAUTTAM ENT.,,0,MARCH,,
07-05-2021,JAYCHENDRA BRG. P LTD,SALE,NKX 45,NEKIB,2,600,1200,GAUTTAM ENT.,,0,MARCH,,
10-05-2021,JAYCHENDRA BRG. P LTD,SALE,PAF 15/12,BUSH,10,25,250,GAUTTAM ENT.,,0,MARCH,,
10-05-2021,JAYCHENDRA BRG. P LTD,SALE,PAP 20/10,BUSH,10,10,100,GAUTTAM ENT.,,0,MARCH,,
10-05-2021,JAYCHENDRA BRG. P LTD,SALE,RNA 4911,NEKIB,4,800,3200,GAUTTAM ENT.,,0,MARCH,,
11-05-2021,JAYCHENDRA BRG. P LTD,SALE,LMF 25,WERB,6,240,1440,GAUTTAM ENT.,,0,MARCH,,
11-05-2021,JAYCHENDRA BRG. P LTD,SALE,LMF 30 L,WERB,6,290,1740,GAUTTAM ENT.,,0,MARCH,,
27-05-2021,JAYCHENDRA BRG. P LTD,SALE,KRV 52 PP,NEKIB,4,500,2000,GAUTTAM ENT.,,0,MARCH,,
31-05-2021,JAYCHENDRA BRG. P LTD,SALE,LM 20 UU,WERB,10,55,550,KOHINOOR BRGS,5,50,MARCH,,
31-05-2021,JAYCHENDRA BRG. P LTD,SALE,LMF 20 L UU,WERB,4,350,1400,KOHINOOR BRGS,,0,MARCH,,
17-06-2021,JAYCHENDRA BRG. P LTD,SALE,NA 6909,NEKIB,26,370,9620,GAUTTAM ENT.,,0,MARCH,,
07-07-2021,JAYCHENDRA BRG. P LTD,SALE,HGR 20X620,WERB,2,950,1900,GAUTTAM ENT.,,0,MARCH,,
09-07-2021,JAYCHENDRA BRG. P LTD,SALE,KR 72 PP,WERB,4,750,3000,GAUTTAM ENT.,,0,MARCH,,
09-07-2021,JAYCHENDRA BRG. P LTD,SALE,KRV 22 PP,WERB,4,175,700,GAUTTAM ENT.,,0,MARCH,,
09-07-2021,JAYCHENDRA BRG. P LTD,SALE,NUKR 62,NEKIB,6,1050,6300,GAUTTAM ENT.,,0,MARCH,,
23-08-2021,JAYCHENDRA BRG. P LTD,SALE,CF 18VBUUR,NEKIB,35,350,12250,GAUTTAM ENT.,,0,MARCH,,
30-08-2021,JAYCHENDRA BRG. P LTD,SALE,LM 8 UU,WERB,10,50,500,KOHINOOR BRGS,5,50,MARCH,,
14-09-2021,JAYCHENDRA BRG. P LTD,SALE,CF 10 VBUUR,WERB,270,150,40500,GAUTTAM ENT.,,0,MARCH,,
16-09-2021,JAYCHENDRA BRG. P LTD,SALE,HGR 20X2000MM,RAIL,2,2800,5600,GAUTTAM ENT.,200,400,MARCH,,
17-09-2021,JAYCHENDRA BRG. P LTD,SALE,NKXR 25 Z,NEKIB,2,450,900,GAUTTAM ENT.,,0,MARCH,,
24-09-2021,JAYCHENDRA BRG. P LTD,X,CF 16 B UU,WERB,1,275,275,KOHINOOR BRGS,,0,MARCH,,
27-09-2021,JAYCHENDRA BRG. P LTD,SALE,CF 16 BUU,WERB,50,270,13500,KOHINOOR BRGS,,0,MARCH,,
30-10-2021,JAYCHENDRA BRG. P LTD,SALE,NKX 25 Z,NEKIB,40,475,19000,GAUTTAM ENT.,,0,MARCH,,
10-11-2021,JAYCHENDRA BRG. P LTD,SALE,CF 16 B,WERB,54,251,13554,KOHINOOR BRGS,10,540,MARCH,,
17-11-2021,JAYCHENDRA BRG. P LTD,SALE,GE 25 C,WERB,1,750,750,GAUTTAM ENT.,,0,MARCH,,
17-11-2021,JAYCHENDRA BRG. P LTD,SALE,GE 40 UK 2RS,WERB,1,2050,2050,GAUTTAM ENT.,,0,MARCH,,
17-11-2021,JAYCHENDRA BRG. P LTD,SALE,NUKR 62,WERB,4,1050,4200,GAUTTAM ENT.,,0,MARCH,,
23-11-2021,JAYCHENDRA BRG. P LTD,SALE,LMF 20 L UU,WERB,6,375,2250,KOHINOOR BRGS,,0,MARCH,,
22-03-2022,JAYCHENDRA BRG. P LTD,10042,GE 8ES,IKO,2,225,450,KOHINOOR BRGS,,0,MARCH,,
01-10-2020,JAYCHENDRA BRG.P LTD,SALE,NK 25/20,IKO,7,300,2100,KOHINOOR BEARING,,0,MARCH,,
16-10-2020,JAYCHENDRA BRG.P LTD,SALE,SC 12,NEKIB,10,135,1350,GAUTTAM ENT.,,0,MARCH,,
16-10-2020,JAYCHENDRA BRG.P LTD,SALE,SK 12,NEKIB,10,65,650,GAUTTAM ENT.,,0,MARCH,,
16-10-2020,JAYCHENDRA BRG.P LTD,SALE,LM 13,NEKIB,4,50,200,GAUTTAM ENT.,,0,MARCH,,
16-10-2020,JAYCHENDRA BRG.P LTD,SALE,NATB 5906,NEKIB,6,550,3300,GAUTTAM ENT.,,0,MARCH,,
21-12-2020,JAYCHENDRA BRG.P LTD,SALE,LMK 16 L UU,WERB,15,300,4500,GAUTTAM ENT.,,0,MARCH,,
25-12-2020,JAYCHENDRA BRG.P LTD,SALE,LMH 25 UU,WERB,6,240,1440,GAUTTAM ENT.,,0,MARCH,,
09-01-2021,JAYCHENDRA BRG.P LTD,SALE,HGR 25X4000,RAIL,6,7300,43800,GAUTTAM ENT.,,600,MARCH,,
09-01-2021,JAYCHENDRA BRG.P LTD,SALE,HGR 30X4000,RAIL,4,8400,33600,GAUTTAM ENT.,,0,MARCH,,
09-01-2021,JAYCHENDRA BRG.P LTD,SALE,HGR 45X4000,RAIL,2,17400,34800,GAUTTAM ENT.,,0,MARCH,,
28-01-2021,JAYCHENDRA BRG.P LTD,SALE,LMK 30 UU,WERB,4,300,1200,GAUTTAM ENT.,,0,MARCH,,
02-03-2021,JAYCHENDRA BRG.P LTD,SALE,LMK 25 L UU,WERB,4,450,1800,GAUTTAM ENT.,,0,MARCH,,
02-03-2021,JAYCHENDRA BRG.P LTD,SALE,NUKR 62,WERB,12,1050,12600,GAUTTAM ENT.,,0,MARCH,,
02-03-2021,JAYCHENDRA BRG.P LTD,SALE,LMK 20 L UU,WERB,4,325,1300,GAUTTAM ENT.,,0,MARCH,,
23-03-2021,JAYCHENDRA BRG.P LTD,SALE,CF 30 BR,WERB,20,270,5400,GAUTTAM ENT.,,0,MARCH,,
01-04-2021,KAMLESH BEARING CORP,SALE,RNA 4909,IKO,3,450,1350,GAUTTAM ENT.,,0,MARCH,,
01-04-2021,KAMLESH BEARING CORP,SALE,RNA 69/32,IKO,6,600,3600,GAUTTAM ENT.,,0,MARCH,,
12-04-2021,KAMLESH BEARING CORP,SALE,NATB 5905,IKO,6,1100,6600,KOHINOOR BRGS,,0,MARCH,,
21-04-2021,KAMLESH BEARING CORP,SALE,na 6914,iko,1,3000,3000,GAUTTAM ENT.,,0,MARCH,,
04-05-2021,KAMLESH BEARING CORP,SALE,GE 25 GS 2RS,IKO,4,600,2400,GAUTTAM ENT.,,0,MARCH,,
09-06-2021,KAMLESH BEARING CORP,SALE,NATB 5906,IKO,2,1300,2600,DEVAL INVEAT,,0,MARCH,,
11-06-2021,KAMLESH BEARING CORP,SALE,NART 12 UUR,IKO,2,500,1000,GAUTTAM ENT.,,0,MARCH,,
11-06-2021,KAMLESH BEARING CORP,SALE,NART 8 V UUR,IKO,4,450,1800,GAUTTAM ENT.,,0,MARCH,,
22-07-2021,KAMLESH BEARING CORP,SALE,LM 20,IKO,3,500,1500,KOHINOOR BRGS,,0,MARCH,,
30-07-2021,KAMLESH BEARING CORP,SALE,GE 80ES 2RS,IKO,4,2700,10800,GAUTTAM ENT.,,0,MARCH,,
07-08-2021,KAMLESH BEARING CORP,SALE,GE 60 ES,IKO,4,1150,4600,GAUTTAM ENT.,,0,MARCH,,
07-08-2021,KAMLESH BEARING CORP,SALE,HK 25/16,IKO,2,150,300,GAUTTAM ENT.,,0,MARCH,,
24-08-2021,KAMLESH BEARING CORP,SALE,CF 6B,IKO,20,240,4800,KOHINOOR BRGS,,0,MARCH,,
01-09-2021,KAMLESH BEARING CORP,SALE,CF 30 BUUR,IKO,16,2150,34400,GAUTTAM ENT.,,0,MARCH,,
04-09-2021,KAMLESH BEARING CORP,SALE,CF 8 B,IKO,20,260,5200,KOHINOOR BRGS,,0,MARCH,,
06-09-2021,KAMLESH BEARING CORP,SALE,NA 4912,IKO,2,1000,2000,GAUTTAM ENT.,,0,MARCH,,
07-09-2021,KAMLESH BEARING CORP,SALE,CF 16 BR,IKO,16,260,4160,KOHINOOR BRGS,,0,MARCH,,
15-09-2021,KAMLESH BEARING CORP,SALE,CF 6 BUUR,IKO,4,300,1200,KOHINOOR BRGS,,0,MARCH,,
18-09-2021,KAMLESH BEARING CORP,SALE,BA 68 Z,IKO,6,75,450,GAUTTAM ENT.,,0,MARCH,,
18-09-2021,KAMLESH BEARING CORP,SALE,BA 69 Z,IKO,12,75,900,GAUTTAM ENT.,,0,MARCH,,
11-10-2021,KAMLESH BEARING CORP,,BA 24/16,IKO,12,175,2100,GAUTTAM ENT.,,0,MARCH,,
13-10-2021,KAMLESH BEARING CORP,SALE,GE 180 ES 2RS,IKO,2,22750,45500,GAUTTAM ENT.,,0,MARCH,,
18-10-2021,KAMLESH BEARING CORP,SALE,RNA 4914,IKO,4,1200,4800,GAUTTAM ENT.,,0,MARCH,,
07-02-2022,KAMLESH BEARING CORP,SALE,RNA 69/32,IKO,6,600,3600,GAUTTAM ENT.,,0,MARCH,,
12-02-2022,KAMLESH BEARING CORP,SALE,CF 20 B UU,IKO,39,1050,40950,GAUTTAM ENT.,,0,MARCH,,
16-03-2022,KAMLESH BEARING CORP,SALE,CF 8 BR,IKO,20,260,5200,KOHINOOR BRGS,,0,MARCH,,
28-07-2021,KOTHARI & CO,SALE,UCP 206,SKF,88,733.52,64549.76,KOHINOOR BRGS,,0,MARCH,,
26-07-2021,KOTHARI & CO,516,22224EK,FAG,4,8846.01,35384.04,KOHINOOR BRGS,,0,MARCH,,
12-08-2021,KOTHARI & CO,SALE,UCP 212,SKF,8,2231.83,17854.64,M/S KUNJAN TRAD.CO,,0,MARCH,,
19-11-2021,KOTHARI & CO,SALE,UCP 206,SKF,2,733.52,1467.04,GAUTTAM ENT.,,0,MARCH,,
19-11-2021,KOTHARI & CO,SALE,UCP 209,SKF,2,1073.78,2147.56,GAUTTAM ENT.,,0,MARCH,,
19-11-2021,KOTHARI & CO,SALE,UCP 210,SKF,2,1222.71,2445.42,GAUTTAM ENT.,,0,MARCH,,
01-12-2021,KOTHARI & CO,1609,UCF 206,SKF,1,3055.36,3055.36,KOHINOOR BRGS,,0,MARCH,,
02-12-2021,KOTHARI & CO,SALE,UCF 210,SKF,2,1291.92,2583.84,KOHINOOR BRGS,,0,MARCH,,
07-12-2021,KOTHARI & CO,1666,UCF209/FL206,SKF,1,8836.14,8836.14,KOHINOOR BRGS,,0,MARCH,,
31-12-2021,KOTHARI & CO,SALE,UCP 212,SKF,6,2400.27,14401.62,N M SALES AG,,0,MARCH,,
01-01-2022,KOTHARI & CO,1919,PILLOW BLOCK,SKF,1,17833.02,17833.02,KOHINOOR BRGS,,0,MARCH,,
13-01-2022,KOTHARI & CO,SALE,6205,FAG,5,167,835,VIRAJ ENTER.,,0,MARCH,,
13-01-2022,KOTHARI & CO,SALE,6207,FAG,5,189,945,VIRAJ ENTER.,,0,MARCH,,
19-02-2022,KOTHARI & CO,SALE,UCF 209,FAG,1,1340,1340,N M SALES AG,,0,MARCH,,
23-02-2022,KOTHARI & CO,2406,22315 E,FAG,2,5369.85,10739.7,VIRAJ ENTER.,238.66,477.32,MARCH,,
22-03-2022,KOTHARI & CO,2577,22214,FAG,8,2656.28,21250.24,N M SALES AG,,0,MARCH,,
07-07-2021,LAXMINARAYAN & CO,SALE,51207,FAG,10,540,5400,GAUTTAM ENT.,,0,MARCH,,
03-08-2021,LAXMINARAYAN & CO,SALE,51207,FAG,20,536.25,10725,GAUTTAM ENT.,,0,MARCH,,
17-09-2021,LAXMINARAYAN & CO,SALE,51104,FAG,2,280,560,KOHINOOR BRGS,,0,MARCH,,
17-09-2021,LAXMINARAYAN & CO,SALE,51108,FAG,2,430,860,KOHINOOR BRGS,,0,MARCH,,
21-10-2021,LAXMINARAYAN & CO,SALE,707 B TVP,FAG,4,930,3720,KOHINOOR BRGS,,0,MARCH,,
17-11-2021,LAXMINARAYAN & CO,SALE,7312 BJP,FAG,2,3100,6200,VIRAJ ENTER.,,0,MARCH,,
26-11-2021,LAXMINARAYAN & CO,SALE,3210 B TVH,FAG,2,1675,3350,GAUTTAM ENT.,,0,MARCH,,
16-12-2021,LAXMINARAYAN & CO,SALE,3309 b tvp,FAG,2,2450,4900,GAUTTAM ENT.,,0,MARCH,,
22-01-2021,LAXMINARAYAN & CO,695,UCF 209,FAG,3,619.71,1859.13,NMSA,,0,MARCH,,
22-03-2021,LAXMINARAYAN & CO,SALE,51207,FAG,10,500,5000,GAUTTAM ENT.,,0,MARCH,,
08-12-2021,M D INTERNATIOANL,SALE,3804 2RS,FAG,4,1300,5200,GAUTTAM ENT.,50,200,MARCH,,
21-04-2021,M D INTERNATIONAL,SALE,51406,FAG,2,1100,2200,GAUTTAM ENT.,,0,MARCH,,
31-05-2021,M D INTERNATIONAL,261,2312 C3,FAG,9,4300,38700,KOHINOOR BRGS,,0,MARCH,,
02-06-2021,M D INTERNATIONAL,SALE,NU 307,FAG,2,1300,2600,N M SALES AG,,0,MARCH,,
14-08-2021,M D INTERNATIONAL,X,51204,FAG,2,350,700,GAUTTAM ENT.,,0,MARCH,,
21-08-2021,M D INTERNATIONAL,SALE,51206,FAG,2,450,900,GAUTTAM ENT.,,0,MARCH,,
21-08-2021,M D INTERNATIONAL,SALE,51108,FAG,2,425,850,GAUTTAM ENT.,,0,MARCH,,
15-12-2021,M D INTERNATIONAL,1429,N 308,FAG,1,1800,1800,KOHINOOR BRGS,,0,MARCH,,
16-04-2021,M/S ORINENT TRADERS,SALE,UCF 205,SKF,6,584.59,3507.54,GAUTTAM ENT.,,0,MARCH,,
20-04-2021,M/S ORINENT TRADERS,1190,1311K,SKF,4,2748,10992,KOHINOOR BRGS,73,292,MARCH,,
21-04-2021,M/S ORINENT TRADERS,SALE,UCFC 210,SKF,2,1753.77,3507.54,GAUTTAM ENT.,,0,MARCH,,
29-04-2021,M/S ORINENT TRADERS,SALE,UCP 210,SKF,5,1222.71,6113.55,GAUTTAM ENT.,,0,MARCH,,
18-05-2021,M/S ORINENT TRADERS,SALE,UCF 208,SKF,2,877.88,1755.76,KOHINOOR BRGS,,0,MARCH,,
18-05-2021,M/S ORINENT TRADERS,SALE,UCP 208,SKF,2,864.43,1728.86,KOHINOOR BRGS,,0,MARCH,,
21-05-2021,M/S ORINENT TRADERS,SALE,UCF 205,SKF,16,584.59,9353.44,GAUTTAM ENT.,,0,MARCH,,
21-05-2021,M/S ORINENT TRADERS,SALE,UCP 204,SKF,2,494.49,988.98,GAUTTAM ENT.,,0,MARCH,,
27-05-2021,M/S ORINENT TRADERS,SALE,UCP 211,SKF,4,1594.77,6379.08,KOHINOOR BRGS,,0,MARCH,,
31-05-2021,M/S ORINENT TRADERS,1301,608 2RS,SKF,30,95,2850,KOHINOOR BRGS,,0,MARCH,,
31-05-2021,M/S ORINENT TRADERS,1316,22226 E,SKF,2,20215.98,40431.96,N M SALES AG,,0,MARCH,,
31-05-2021,M/S ORINENT TRADERS,1321,23130 CCW33,SKF,2,37022.12,74044.24,N M SALES AG,,0,MARCH,,
07-06-2021,M/S ORINENT TRADERS,SALE,UCP 205,SKF,4,494.49,1977.96,GAUTTAM ENT.,,0,MARCH,,
07-06-2021,M/S ORINENT TRADERS,340,UCFL 208,SKF,9,130.85,1177.65,KOHINOOR BRGS,,0,MARCH,,
14-06-2021,M/S ORINENT TRADERS,SALE,UCP 212,SKF,8,2019.83,16158.64,GAUTTAM ENT.,,0,MARCH,,
21-06-2021,M/S ORINENT TRADERS,SALE,3308 A,SKF,2,4180.55,8361.1,ADINATH ENTER.,,0,MARCH,,
24-06-2021,M/S ORINENT TRADERS,SALE,UCP 210,SKF,2,1222.71,2445.42,GAUTTAM ENT.,,0,MARCH,,
28-06-2021,M/S ORINENT TRADERS,SALE,4202 ETN9,SKF,15,934.56,14018.4,KOHINOOR BRGS,,0,MARCH,,
03-08-2021,M/S ORINENT TRADERS,SALE,UCF 205,SKF,2,584.59,1169.18,KOHINOOR BRGS,,0,MARCH,,
03-08-2021,M/S ORINENT TRADERS,SALE,UCFL 206,SKF,18,754.72,13584.96,KOHINOOR BRGS,,0,MARCH,,
03-08-2021,M/S ORINENT TRADERS,SALE,UCP 209,SKF,8,1073.78,8590.24,KOHINOOR BRGS,,0,MARCH,,
21-08-2021,M/S ORINENT TRADERS,SALE,UCF 210,SKF,18,1222.71,22008.78,KOHINOOR BRGS,,0,MARCH,,
21-08-2021,M/S ORINENT TRADERS,SALE,UCFL 206,SKF,6,786.52,4719.12,GAUTTAM ENT.,,0,MARCH,,
21-08-2021,M/S ORINENT TRADERS,SALE,UCF 209,SKF,4,1089.15,4356.6,GAUTTAM ENT.,,0,MARCH,,
02-09-2021,M/S ORINENT TRADERS,203,UCP 208,SKF,1,6887.88,6887.88,KOHINOOR BRGS,,0,MARCH,,
04-09-2021,M/S ORINENT TRADERS,SALE,7308 BEP,SKF,3,1625,4875,KOHINOOR BRGS,,0,MARCH,,
06-09-2021,M/S ORINENT TRADERS,SALE,,SKF,1,92252.32,92252.32,KOHINOOR BRGS,,0,MARCH,,
18-09-2021,M/S ORINENT TRADERS,SALE,4203,SKF,4,1498.2,5992.8,KOHINOOR BRGS,,0,MARCH,,
21-09-2021,M/S ORINENT TRADERS,1691,UCF 210,SKF,8,1222.71,9781.68,KOHINOOR BRGS,,0,MARCH,,
24-09-2021,M/S ORINENT TRADERS,SALE,UCP 206,SKF,8,733.52,5868.16,GAUTTAM ENT.,,0,MARCH,,
24-09-2021,M/S ORINENT TRADERS,SALE,UCFL 206,SKF,4,754.72,3018.88,KOHINOOR BRGS,,0,MARCH,,
25-09-2021,M/S ORINENT TRADERS,SALE,UCFL 208,SKF,10,946.05,9460.5,KOHINOOR BRGS,,0,MARCH,,
28-09-2021,M/S ORINENT TRADERS,SALE,UCP 204,SKF,8,494.49,3955.92,GAUTTAM ENT.,,0,MARCH,,
29-09-2021,M/S ORINENT TRADERS,2417,,SKF,1,4643.75,4643.75,KOHINOOR BRGS,,0,MARCH,,
07-10-2021,M/S ORINENT TRADERS,SALE,7309 BEP,SKF,1,2065.44,2065.44,KOHINOOR BRGS,,0,MARCH,,
12-10-2021,M/S ORINENT TRADERS,864,UCF 210,SKF,4,1224.3,4897.2,KOHINOOR BRGS,,0,MARCH,,
12-10-2021,M/S ORINENT TRADERS,920,UCP 207,SKF,4,818.85,3275.4,KOHINOOR BRGS,,0,MARCH,,
14-10-2021,M/S ORINENT TRADERS,SALE,608 ZZ,SKF,100,72,7200,KOHINOOR BRGS,,0,MARCH,,
14-10-2021,M/S ORINENT TRADERS,SALE,UCP 206,SKF,4,733.52,2934.08,KOHINOOR BRGS,,0,MARCH,,
19-10-2021,M/S ORINENT TRADERS,1392,UCP 209,SKF,15,1073.78,16106.7,KOHINOOR BRGS,,0,MARCH,,
23-10-2021,M/S ORINENT TRADERS,SALE,NJ 2309 ECP C3,SKF,2,4724.16,9448.32,GAUTTAM ENT.,,0,MARCH,,
26-10-2021,M/S ORINENT TRADERS,SALE,UCF 206,SKF,2,722.92,1445.84,GAUTTAM ENT.,,0,MARCH,,
26-10-2021,M/S ORINENT TRADERS,SALE,UCF 210,SKF,2,1222.71,2445.42,GAUTTAM ENT.,,0,MARCH,,
26-10-2021,M/S ORINENT TRADERS,SALE,UCF 212,SKF,2,2019.83,4039.66,GAUTTAM ENT.,,0,MARCH,,
27-10-2021,M/S ORINENT TRADERS,SALE,6009 2RS,SKF,10,660,6600,N M SALES AG,,0,MARCH,,
01-11-2021,M/S ORINENT TRADERS,SALE,NU212 ECP,SKF,2,3508.42,7016.84,VIKAS TRADING CO,,0,MARCH,,
09-11-2021,M/S ORINENT TRADERS,224,,SKF,1,11617.42,0,KOHINOOR BRGS,,0,MARCH,,
11-11-2021,M/S ORINENT TRADERS,473,7308 bep,SKF,4,1747,6988,KOHINOOR BRGS,,0,MARCH,,
12-11-2021,M/S ORINENT TRADERS,SALE,UCF 206,SKF,1,722.92,722.92,GAUTTAM ENT.,,0,MARCH,,
12-11-2021,M/S ORINENT TRADERS,SALE,UCFL 201,SKF,4,563.39,2253.56,GAUTTAM ENT.,,0,MARCH,,
12-11-2021,M/S ORINENT TRADERS,SALE,7210,SKF,2,1832.5,3665,KOHINOOR BRGS,,0,MARCH,,
17-11-2021,M/S ORINENT TRADERS,SALE,NU 322 ECJ,SKF,1,26743.2,26743.2,N M SALES AG,,0,MARCH,,
17-11-2021,M/S ORINENT TRADERS,SALE,7212 BEP,SKF,2,2393,4786,VIKAS TRADING CO,47.86,95.72,MARCH,,
17-11-2021,M/S ORINENT TRADERS,SALE,7310 BEP,SKF,2,2490,4980,VIKAS TRADING CO,49.8,99.6,MARCH,,
19-11-2021,M/S ORINENT TRADERS,1130,UCFL 205,SKF,1,3275.4,3275.4,KOHINOOR BRGS,,0,MARCH,,
19-11-2021,M/S ORINENT TRADERS,SALE,UCP 211,SKF,4,1594.77,6379.08,KOHINOOR BRGS,,0,MARCH,,
26-11-2021,M/S ORINENT TRADERS,SALE,3308 A,SKF,2,3952.52,7905.04,GAUTTAM ENT.,,0,MARCH,,
29-11-2021,M/S ORINENT TRADERS,SALE,UCF 204,SKF,8,542.19,4337.52,KOHINOOR BRGS,,0,MARCH,,
01-12-2021,M/S ORINENT TRADERS,001/D,1311 K,SKF,4,2919,11676,KOHINOOR BRGS,,0,MARCH,,
07-12-2021,M/S ORINENT TRADERS,529/D,UCFL 206,SKF,18,811.68,14610.24,KOHINOOR BRGS,,0,MARCH,,
11-12-2021,M/S ORINENT TRADERS,897,,SKF,1,31572.3,31572.3,KOHINOOR BRGS,,0,MARCH,,
11-12-2021,M/S ORINENT TRADERS,SALE,22218 EK,SKF,1,7400,7400,GAUTTAM ENT.,,0,MARCH,,
13-12-2021,M/S ORINENT TRADERS,SALE,22212 EK,SKF,2,5600,11200,GAUTTAM ENT.,,0,MARCH,,
13-12-2021,M/S ORINENT TRADERS,983,UCFL 206/UCF 209,SKF,1,29478.12,29478.12,KOHINOOR BRGS,,0,MARCH,,
13-12-2021,M/S ORINENT TRADERS,SALE,2202 2RS,SKF,60,1332.65,79959,R K ENT.,145.38,8723,MARCH,,
21-12-2021,M/S ORINENT TRADERS,SALE,UCP 212,SKF,2,2400,4800,GAUTTAM ENT.,,0,MARCH,,
24-12-2021,M/S ORINENT TRADERS,SALE,22217 EK,SKF,1,9500,9500,KOHINOOR BRGS,,0,MARCH,,
25-12-2021,M/S ORINENT TRADERS,SALE,UCF 206,SKF,2,777.48,1554.96,GAUTTAM ENT.,,0,MARCH,,
25-12-2021,M/S ORINENT TRADERS,SALE,UCF 204,SKF,10,583.11,5831.1,GAUTTAM ENT.,,0,MARCH,,
25-12-2021,M/S ORINENT TRADERS,2061,6012 ZZ,SKF,2,1098.72,9475.16,KOHINOOR BRGS,,0,MARCH,,
25-12-2021,M/S ORINENT TRADERS,2061,6013 ZZ,SKF,2,1286.31,2572.62,KOHINOOR BRGS,,0,MARCH,,
25-12-2021,M/S ORINENT TRADERS,2061,7308,SKF,2,1948,3896,KOHINOOR BRGS,,0,MARCH,,
25-12-2021,M/S ORINENT TRADERS,2061,51205,SKF,1,807.64,807.64,KOHINOOR BRGS,,0,MARCH,,
27-12-2021,M/S ORINENT TRADERS,SALE,NU 205 ECP,SKF,1,1902.32,1902.32,GAUTTAM ENT.,,0,MARCH,,
27-12-2021,M/S ORINENT TRADERS,SALE,7305 BEP,SKF,1,1055.76,1055.76,GAUTTAM ENT.,,0,MARCH,,
01-01-2022,M/S ORINENT TRADERS,27/JA,PILLOW BLOCK,SKF,1,30711,30711,KOHINOOR BRGS,,0,MARCH,,
12-01-2022,M/S ORINENT TRADERS,SALE,UCF 210,SKF,1,1338.06,1338.06,VARDHMAN ENT.,,0,MARCH,,
12-01-2022,M/S ORINENT TRADERS,SALE,UCF 211,SKF,1,1628.24,1628.24,VARDHMAN ENT.,,0,MARCH,,
13-01-2022,M/S ORINENT TRADERS,SALE,7202,SKF,6,835.2,5011.2,GAUTTAM ENT.,,0,MARCH,,
15-01-2022,M/S ORINENT TRADERS,SALE,UCP 210,SKF,2,1345.14,2690.28,GAUTTAM ENT.,,0,MARCH,,
17-01-2022,M/S ORINENT TRADERS,SALE,UCP 210,SKF,3,1338.06,4014.18,GAUTTAM ENT.,,0,MARCH,,
17-01-2022,M/S ORINENT TRADERS,SALE,UCP 206,SKF,1,802.72,802.72,GAUTTAM ENT.,,0,MARCH,,
18-01-2022,M/S ORINENT TRADERS,SALE,UCF 205,SKF,4,584.59,2338.36,GAUTTAM ENT.,,0,MARCH,,
19-01-2022,M/S ORINENT TRADERS,SALE,UCP 210,SKF,6,1338.06,8028.36,KOHINOOR BRGS,,0,MARCH,,
21-01-2022,M/S ORINENT TRADERS,1723,UCP 207,SKF,4,896.1,3584.4,KOHINOOR BRGS,,0,MARCH,,
25-01-2022,M/S ORINENT TRADERS,2016,UCF 209,SKF,3,1191.9,3575.7,N M SALES AG,,0,MARCH,,
25-01-2022,M/S ORINENT TRADERS,SALE,7204,SKF,7,1079.68,7557.76,GAUTTAM ENT.,,0,MARCH,,
01-02-2022,M/S ORINENT TRADERS,SALE,UCP 204,SKF,4,587.54,2350.16,GAUTTAM ENT.,,0,MARCH,,
01-02-2022,M/S ORINENT TRADERS,SALE,7205,SKF,2,1000,2000,GAUTTAM ENT.,,0,MARCH,,
01-02-2022,M/S ORINENT TRADERS,SALE,1205,SKF,1,915.3,915.3,GAUTTAM ENT.,,0,MARCH,,
02-02-2022,M/S ORINENT TRADERS,158,UCF 216,SKF,4,5658.96,22635.84,KOHINOOR BRGS,,0,MARCH,,
05-02-2022,M/S ORINENT TRADERS,SALE,4205,SKF,5,1068.42,5342.1,KOHINOOR BRGS,,0,MARCH,,
07-02-2022,M/S ORINENT TRADERS,533,2202 ETN 9 2RS,SKF,30,1356.88,40706.4,R K ENT.,121,3630,MARCH,,
08-02-2022,M/S ORINENT TRADERS,65,7308 BEP,SKF,4,1948,7792,KOHINOOR BRGS,,0,MARCH,,
14-02-2022,M/S ORINENT TRADERS,1128,UCFL 204,SKF,2,727.5,1455,KOHINOOR BRGS,,0,MARCH,,
15-02-2022,M/S ORINENT TRADERS,1261,3215 A,SKF,2,8358.66,16717.32,KOHINOOR BRGS,309,618,MARCH,,
17-02-2022,M/S ORINENT TRADERS,SALE,ucp 207,skf,4,896.1,3584.4,KOHINOOR BRGS,,0,MARCH,,
05-03-2022,M/S ORINENT TRADERS,417,,skf,1,2588.76,2588.76,KOHINOOR BRGS,,0,MARCH,,
14-03-2022,M/S ORINENT TRADERS,SALE,UCP 205,SKF,2,585.48,1170.96,GAUTTAM ENT.,,0,MARCH,,
14-03-2022,M/S ORINENT TRADERS,SALE,CF 206,SKF,2,825.15,1650.3,GAUTTAM ENT.,,0,MARCH,,
15-03-2022,M/S ORINENT TRADERS,1163,UCF 210,SKF,2,1294.38,2588.76,KOHINOOR BRGS,,0,MARCH,,
15-03-2022,M/S ORINENT TRADERS,1174,6008 ZZ,SKF,6,540,3240,KOHINOOR BRGS,,0,MARCH,,
16-03-2022,M/S ORINENT TRADERS,1286,,SKF,1,4796.04,4796.04,KOHINOOR BRGS,,0,MARCH,,
19-03-2022,M/S ORINENT TRADERS,1478,22206 E,SKF,2,,6622.5,KOHINOOR BRGS,,0,MARCH,,
19-03-2022,M/S ORINENT TRADERS,1478,1205,SKF,2,,0,KOHINOOR BRGS,,0,MARCH,,
22-03-2022,M/S ORINENT TRADERS,1677,6012 ZZ,SKF,6,1079.1,6474.6,KOHINOOR BRGS,34,204,MARCH,,
22-03-2022,M/S ORINENT TRADERS,1697,,SKF,1,12400.14,12400.14,KOHINOOR BRGS,,0,MARCH,,
31-05-2021,MASRANI MILL GIIN STORE,277,,HKG,1,2550,2550,KOHINOOR BRGS,,0,MARCH,,
31-05-2021,MASRANI MILL GIIN STORE,SALE,,HKG,1,1468,1468,KOHINOOR BRGS,,0,MARCH,,
10-06-2021,MASRANI MILL GIIN STORE,SALE,,HKG,1,1200,1200,KOHINOOR BRGS,,0,MARCH,,
14-06-2021,MASRANI MILL GIIN STORE,SALE,,HKG,1,3075,3075,KOHINOOR BRGS,,0,MARCH,,
02-07-2021,MASRANI MILL GIIN STORE,500,,HKG,1,2066,2066,KOHINOOR BRGS,,0,MARCH,,
05-07-2021,MASRANI MILL GIIN STORE,585,,HKG,1,1000,1000,KOHINOOR BRGS,,0,MARCH,,
09-07-2021,MASRANI MILL GIIN STORE,624,,HKG,1,1665,1665,KOHINOOR BRGS,,0,MARCH,,
09-08-2021,MASRANI MILL GIIN STORE,850,HE 2310,HKG,25,95,2375,KOHINOOR BRGS,,0,MARCH,,
09-08-2021,MASRANI MILL GIIN STORE,867,,HKG,1,4445,4445,KOHINOOR BRGS,,0,MARCH,,
09-08-2021,MASRANI MILL GIIN STORE,X,MS 9,NBC,1,488,488,KOHINOOR BRGS,,0,MARCH,,
18-08-2021,MASRANI MILL GIIN STORE,955,,HKG,1,3450,3450,N M SALES AG,,0,MARCH,,
19-08-2021,MASRANI MILL GIIN STORE,961,,HKG,1,5585,5585,KOHINOOR BRGS,,0,MARCH,,
23-08-2021,MASRANI MILL GIIN STORE,996,,HKG,1,1475,1475,KOHINOOR BRGS,,0,MARCH,,
06-09-2021,MASRANI MILL GIIN STORE,1125,,HKG,1,1070,1070,KOHINOOR BRGS,,0,MARCH,,
06-09-2021,MASRANI MILL GIIN STORE,1126,,HKG,1,1901,1901,KOHINOOR BRGS,,0,MARCH,,
11-09-2021,MASRANI MILL GIIN STORE,2071,,HKG,1,4900.8,4900.8,KOHINOOR BRGS,,0,MARCH,,
30-09-2021,MASRANI MILL GIIN STORE,1221,,HKG,1,4391,4391,KOHINOOR BRGS,,0,MARCH,,
04-10-2021,MASRANI MILL GIIN STORE,1345,,HKG,1,2090,2090,KOHINOOR BRGS,,0,MARCH,,
20-10-2021,MASRANI MILL GIIN STORE,1480,,HKG,1,2612.5,2612.5,KOHINOOR BRGS,,0,MARCH,,
16-11-2021,MASRANI MILL GIIN STORE,1662,,HKG,1,3605,3605,KOHINOOR BRGS,,0,MARCH,,
15-12-2021,MASRANI MILL GIIN STORE,SALE,,HKG,1,7260,7260,KOHINOOR BRGS,,0,MARCH,,
11-01-2022,MASRANI MILL GIIN STORE,3805,HE 2310,HKG,20,104.5,2090,KOHINOOR BRGS,,0,MARCH,,
18-01-2022,MASRANI MILL GIIN STORE,SALE,HE 2310,HKG,20,104.5,2090,KOHINOOR BRGS,,0,MARCH,,
04-02-2022,MASRANI MILL GIIN STORE,SALE,MB 38,HKG,20,377.5,7550,KOHINOOR BRGS,,0,MARCH,,
23-03-2022,MASRANI MILL GIIN STORE,X,HE 2310,HKG,50,112.86,5643,KOHINOOR BRGS,,0,MARCH,,
24-03-2022,MASRANI MILL GIIN STORE,X,HE 2310,HKG,9,112.86,1015.74,KOHINOOR BRGS,,0,MARCH,,
31-03-2022,MILL STORES CROP,7686,3213 A,SKF,2,8495.4,16990.8,N M SALES AG,,0,MARCH,,
29-09-2021,MITESH ENTER,SALE,UCP 215,TR,1,2750,2750,HARSH SALES CORP,,0,MARCH,,
08-12-2021,MITESH ENTER,SALE,UCF 318,TR,1,12800,12800,M/S KUNJAN TRAD.CO,,0,MARCH,,
09-10-2021,MTC,2880,KM10/6,MTC,1,5104.8,5104.8,KOHINOOR BRGS,,0,MARCH,,
26-10-2021,MTC,1686,KM 8,MTC,60,36,2160,N M SALES AG,,0,MARCH,,
16-11-2021,MTC,2964,,MTC,1,2918.4,2918.4,KOHINOOR BRGS,,0,MARCH,,
19-11-2021,MTC,3021,,MTC,1,1363.2,1363.2,KOHINOOR BRGS,,0,MARCH,,
23-11-2021,MTC,3070,,MTC,1,4022.4,4022.4,KOHINOOR BRGS,,0,MARCH,,
01-12-2021,MTC,3284,,MTC,1,1425.6,1425.6,KOHINOOR BRGS,,0,MARCH,,
07-12-2021,MTC,3375,MB 3,MTC,1,1152,1152,KOHINOOR BRGS,,0,MARCH,,
15-12-2021,MTC,3522,,MTC,1,6052.8,6052.8,KOHINOOR BRGS,,0,MARCH,,
18-12-2021,MTC,3573,,MTC,1,2208,2208,KOHINOOR BRGS,,0,MARCH,,
22-12-2021,MTC,3627,MB 13,MTC,1,960,960,KOHINOOR BRGS,,0,MARCH,,
08-01-2022,MTC,3896,,MTC,1,1814.6,1814.6,KOHINOOR BRGS,,0,MARCH,,
11-01-2022,MTC,3936,S 515,MTC,1,4386.72,4386.72,GAUTTAM ENT.,,0,MARCH,,
25-01-2022,MTC,4136,KM 8,MTC,100,36,3600,N M SALES AG,,0,MARCH,,
04-02-2022,MTC,4239,,MTC,1,3254.4,3254.4,KOHINOOR BRGS,,0,MARCH,,
07-02-2022,MTC,4336,SN 515,MTC,1,13243,13243,GAUTTAM ENT.,,0,MARCH,,
11-02-2022,MTC,4360,,MTC,1,5906,5906,GAUTTAM ENT.,,0,MARCH,,
18-02-2022,MTC,4505,,MTC,1,3729.6,3729.6,KOHINOOR BRGS,,0,MARCH,,
19-02-2022,MTC,SALE,H 3156,MTC,1,6676.9,6676.9,GAUTTAM ENT.,,0,MARCH,,
21-02-2022,MTC,4544,H 3156,MTC,1,6676.9,6676.9,GAUTTAM ENT.,,0,MARCH,,
21-02-2022,MTC,4540,,MTC,1,3288,3288,KOHINOOR BRGS,,0,MARCH,,
22-02-2022,MTC,4565,MB6/7,MTC,100,17.28,1728,KOHINOOR BRGS,,0,MARCH,,
28-02-2022,mtc,4633,,mtc,1,2798.4,2798.4,KOHINOOR BRGS,,0,MARCH,,
07-03-2022,MTC,4735,,MTC,1,2737.92,2737.92,KOHINOOR BRGS,,0,MARCH,,
10-03-2022,MTC,4780,KM 13,MTC,1,1276.8,1276.8,KOHINOOR BRGS,,0,MARCH,,
17-03-2022,MTC,4901,,MTC,1,2140.8,2140.8,KOHINOOR BRGS,,0,MARCH,,
24-03-2022,MTC,5005,,MTC,1,5378.4,5378.4,KOHINOOR BRGS,,0,MARCH,,
28-03-2022,MTC,5052,,MTC,1,3660,3660,N M SALES AG,,0,MARCH,,
31-05-2021,MUKUND BEARING,SALE,6204,SKF,6,124.8,748.8,VIRAJ ENTER.,,0,MARCH,,
31-05-2021,MUKUND BEARING,SALE,32004,SKF,24,261,6264,VIRAJ ENTER.,,0,MARCH,,
02-06-2021,MUKUND BEARING,SALE,32216,SKF,6,1452,8712,GAUTTAM ENT.,,0,MARCH,,
02-06-2021,MUKUND BEARING,SALE,32220,SKF,2,3418.35,6836.7,GAUTTAM ENT.,,0,MARCH,,
24-06-2021,MUKUND BEARING,SALE,32005,SKF,26,177.32,4610.32,GAUTTAM ENT.,,0,MARCH,,
28-06-2021,MUKUND BEARING,SALE,30309,SKF,4,765,3060,KOHINOOR BRGS,,0,MARCH,,
03-06-2021,MUKUND BEARING,X,6406,NBC,12,398,4776,KOHINOOR BRGS,,0,MARCH,,
22-06-2021,MUKUND BEARING,469,14131/276,NBC,15,381.66,5725,N M SALES AG,,0,MARCH,,
16-08-2021,MUKUND BEARING,SALE,61902 ZZ,SKF,30,150,4500,KOHINOOR BRGS,,0,MARCH,,
23-09-2021,MUKUND BEARING,1488,6406,NBC,15,363.97,5459.55,N M SALES AG,,0,MARCH,,
22-03-2022,MUKUND BEARINGS,3860,14131/276,NBC,1,7338.38,7338.38,N M SALES AG,,0,MARCH,,
28-09-2021,NEW AGE BEARINGS P LTD,SALE,29415,FAG,2,17500,35000,GAUTTAM ENT.,,0,MARCH,,
25-11-2021,NEW AGE BEARINGS P LTD,SALE,23156 BK-XL,FAG,1,110000,110000,GAUTTAM ENT.,,0,MARCH,,
28-01-2022,NEW AGE BEARINGS P LTD,SALE,23156 K C3,FAG,1,108000,108000,GAUTTAM ENT.,,0,MARCH,,
19-02-2022,NEW AGE BEARINGS P LTD,SALE,23156 K C3,FAG,1,108000,108000,GAUTTAM ENT.,,0,MARCH,,
04-03-2022,NEW AGE BEARINGS P LTD,SALE,51208,FAG,2,800,1600,VIRAJ ENTER.,,0,MARCH,,
11-03-2022,NEW AGE BEARINGS P LTD,SALE,1204 TVP,FAG,27,650,17550,GAUTTAM ENT.,,0,MARCH,,
28-03-2022,NEW AGE BEARINGS P LTD,SALE,51208,FAG,1,800,800,GAUTTAM ENT.,,0,MARCH,,
05-04-2021,NILESH BEARINGS ,64,1205,SKF,30,867,26010,R K ENT.,108,3240,MARCH,,
28-06-2021,NILESH BEARINGS ,SALE,29424 E,SKF,1,45599,45599,GAUTTAM ENT.,,0,MARCH,,
19-09-2020,NILESH BEARINGS ,RECD,6314 C 4,SKF,4,3008,12032,KOHINOOR BEARING,52,208,MARCH,,
24-07-2021,NILESH BEARINGS ,SALE,29424 E,SKF,1,45599,45599,GAUTTAM ENT.,,0,MARCH,,
09-09-2021,NILESH BEARINGS ,SALE,UCP 206,SKF,8,734,5872,KOHINOOR BRGS,,0,MARCH,,
06-10-2021,NILESH BEARINGS ,SALE,UCP 212,SKF,2,2231.83,4463.66,GAUTTAM ENT.,,0,MARCH,,
22-10-2021,NILESH BEARINGS ,SALE,29326 E,SKF,1,40905,40905,GAUTTAM ENT.,,0,MARCH,,
30-11-2021,NILESH BEARINGS ,SALE,UCF 212,SKF,4,2019.83,8079.32,GAUTTAM ENT.,,0,MARCH,,
01-01-2022,NILESH BEARINGS ,326,UCP 215,SKF,2,4044,8088,KOHINOOR BRGS,,0,MARCH,,
07-02-2022,NILESH BEARINGS ,3748,2202 ETN 9 2RS,SKF,50,1356.88,67844,R K ENT.,121,6050,MARCH,,
16-02-2022,NILESH BEARINGS ,3907,ucp 212,skf,2,2400,4800,VIRAJ ENTER.,,0,MARCH,,
16-03-2022,NILESH BEARINGS ,SALE,UCP 212,SKF,2,2270,4540,VIRAJ ENTER.,92,184,MARCH,,
18-08-2021,P MAHERA DELHI,SALE,ZKLF 2575,INA,1,7800,7800,GAUTTAM ENT.,,0,MARCH,,
26-08-2021,P MAHERA DELHI,395,NATB 5906,INA,47,1360,63920,KOHINOOR BRGS,,0,MARCH,,
26-08-2021,P MAHERA DELHI,395,NATB 5906,INA,40,1500,60000,KOHINOOR BRGS,,0,MARCH,,
09-07-2021,padmasons ind.solustions,SALE,UKFC 211,NTN,1,3200,3200,KOHINOOR BRGS,,0,MARCH,,
13-08-2021,padmasons ind.solustions,SALE,UCFC 210,NTN,2,1850,3700,HARSH SALES CORP,,0,MARCH,,
16-10-2021,padmasons ind.solustions,SALE,UCUP 205,NTN,2,900,1800,GAUTTAM ENT.,,0,MARCH,,
18-10-2021,padmasons ind.solustions,SALE,UCP 208,NTN,2,1175,2350,GAUTTAM ENT.,,0,MARCH,,
18-10-2021,padmasons ind.solustions,SALE,UCP 210,NTN,1,1500,1500,GAUTTAM ENT.,,0,MARCH,,
10-11-2021,padmasons ind.solustions,SALE,UC 206,NTN,12,500,6000,BHAVYA ENT,,0,MARCH,,
31-03-2022,padmasons ind.solustions,SALE,UCFC 210,NTN,8,1900,15200,GAUTTAM ENT.,,0,MARCH,,
31-03-2022,padmasons ind.solustions,SALE,UCFC 212,NTN,2,3000,6000,GAUTTAM ENT.,,0,MARCH,,
31-03-2022,padmasons ind.solustions,SALE,UCFC 214,NTN,2,4825,9650,GAUTTAM ENT.,,0,MARCH,,
31-03-2022,padmasons ind.solustions,SALE,UCFL 204,NTN,10,640,6400,GAUTTAM ENT.,,0,MARCH,,
18-10-2021,PINAKIN -AJMERA,SALE,RNA 6918,NTN,2,4800,9600,GAUTTAM ENT.,,0,MARCH,,
17-11-2021,PINAKIN -AJMERA,SALE,NATV 12 V UUR,IKO,2,550,1100,GAUTTAM ENT.,,0,MARCH,,
17-11-2021,PINAKIN -AJMERA,SALE,RNA 6918,NTN,4,4600,18400,GAUTTAM ENT.,200,800,MARCH,,
07-12-2021,PINAKIN -AJMERA,SALE,RNA 6918,NTN,4,4600,18400,GAUTTAM ENT.,200,800,MARCH,,
16-02-2022,PINAKIN -AJMERA,SALE,CF 20 B UU,IKO,21,1100,0,GAUTTAM ENT.,35,735,MARCH,,
21-02-2022,PINAKIN -AJMERA,SALE,RNA 6918,NTN,4,4600,18400,GAUTTAM ENT.,200,800,MARCH,,
30-03-2022,PINAKIN -AJMERA,SALE,RNA 6918,NTN,1,4600,4600,GAUTTAM ENT.,200,200,MARCH,,
13-10-2021,POLITE ENTERPRISE,SALE,UCP 205-1,CHINA,8,140,1120,HARSH SALES CORP,,0,MARCH,,
13-10-2021,POLITE ENTERPRISE,SALE,UCP 208,CHINA,8,300,2400,HARSH SALES CORP,,0,MARCH,,
14-10-2021,POLITE ENTERPRISE,SALE,UCP 211,CHINA,2,500,1000,KOHINOOR BRGS,,0,MARCH,,
14-10-2021,POLITE ENTERPRISE,SALE,UCP 212,CHINA,2,675,1350,KOHINOOR BRGS,,0,MARCH,,
20-10-2021,POLITE ENTERPRISE,SALE,UCFL 206,BBZ,40,205,8200,KOHINOOR BRGS,,0,MARCH,,
26-10-2021,POLITE ENTERPRISE,SALE,UCP 211,TRU,4,500,2000,KOHINOOR BRGS,,0,MARCH,,
26-10-2021,POLITE ENTERPRISE,SALE,UCF 205,BBZ,8,150,1200,KOHINOOR BRGS,,0,MARCH,,
30-10-2021,POLITE ENTERPRISE,SALE,UCP 212,CHINA,4,665,2660,M/S KUNJAN TRAD.CO,,0,MARCH,,
13-11-2021,POLITE ENTERPRISE,SALE,UCPA 204,HTS,15,140,2100,KOHINOOR BRGS,10,150,MARCH,,
19-11-2021,POLITE ENTERPRISE,SALE,UCT 206,AMS,10,235,2350,KOHINOOR BRGS,,0,MARCH,,
19-11-2021,POLITE ENTERPRISE,SALE,UCUP 206,CME,10,245,2450,KOHINOOR BRGS,,0,MARCH,,
20-11-2021,POLITE ENTERPRISE,SALE,UCF 206,KHK,26,395,10270,N M SALES AG,,0,MARCH,,
20-11-2021,POLITE ENTERPRISE,SALE,UCP 204,AMS,25,125,3125,KOHINOOR BRGS,,0,MARCH,,
02-12-2021,POLITE ENTERPRISE,SALE,UCF 206,CHINA,2,200,400,VIRAJ ENTER.,,0,MARCH,,
02-12-2021,POLITE ENTERPRISE,SALE,UCT 206,CHINA,2,250,500,VIRAJ ENTER.,,0,MARCH,,
02-12-2021,POLITE ENTERPRISE,SALE,UCFC 207,CHINA,2,300,600,VIRAJ ENTER.,,0,MARCH,,
29-12-2021,POLITE ENTERPRISE,SALE,UCF 204,CHINA,10,120,1200,KOHINOOR BRGS,,0,MARCH,,
29-12-2021,POLITE ENTERPRISE,SALE,UCF 205,CHINA,10,135,1350,KOHINOOR BRGS,,0,MARCH,,
31-01-2022,POLITE ENTERPRISE,SALE,UCT 206,CHINA,10,230,2300,KOHINOOR BRGS,,0,MARCH,,
31-01-2022,POLITE ENTERPRISE,SALE,UCPA 206,CHINA,5,235,1175,KOHINOOR BRGS,,0,MARCH,,
31-01-2022,POLITE ENTERPRISE,SALE,UCP 204,CHINA,15,120,1800,KOHINOOR BRGS,,0,MARCH,,
18-02-2022,POLITE ENTERPRISE,SALE,UCP 204,CHINA,30,118,3540,KOHINOOR BRGS,,0,MARCH,,
18-02-2022,POLITE ENTERPRISE,SALE,UCFL 205,CHINA,15,135,2025,KOHINOOR BRGS,,0,MARCH,,
18-02-2022,POLITE ENTERPRISE,SALE,UCT 205,CHINA,15,180,2700,KOHINOOR BRGS,,0,MARCH,,
05-03-2022,POLITE ENTERPRISE,SALE,UCFL 204,CME,20,118,2360,KOHINOOR BRGS,,0,MARCH,,
15-03-2022,POLITE ENTERPRISE,SALE,UCP 206,CME,10,180,1800,KOHINOOR BRGS,,0,MARCH,,
25-03-2022,POLITE ENTERPRISE,SALE,UCFL 205,CME,12,130,1560,KOHINOOR BRGS,,0,MARCH,,
25-03-2022,POLITE ENTERPRISE,SALE,UCT 205,CME,10,175,1750,KOHINOOR BRGS,,0,MARCH,,
05-04-2021,PRATIK CORP,SALE,1312,FAG,2,29500,59000,HARSH SALES CORP,,0,MARCH,,
10-05-2021,PRATIK CORP,SALE,2312 C3,FAG,10,4300,43000,KOHINOOR BRGS,,0,MARCH,,
10-05-2021,PRATIK CORP,SALE,32015 X,FAG,2,1625,3250,KOHINOOR BRGS,,0,MARCH,,
31-05-2021,PRATIK CORP,1060,2312 C3,FAG,2,4300,8600,KOHINOOR BRGS,,0,MARCH,,
28-06-2021,PRATIK CORP,1651,UCT 214,FAG,1,4395,4395,KOHINOOR BRGS,,0,MARCH,,
03-08-2021,PRATIK CORP,SALE,51106,FAG,20,300.7,6014,GAUTTAM ENT.,,0,MARCH,,
29-10-2021,PRATIK CORP,SALE,4205,FAG,2,775,1550,KOHINOOR BRGS,,0,MARCH,,
27-11-2021,PRATIK CORP,SALE,51204,FAG,5,360,1800,GAUTTAM ENT.,,0,MARCH,,
05-04-2021,PREKSHA PRECIMEX,SALE,HGW30 CC,HIWIN,3,1050,3150,GAUTTAM ENT.,,0,MARCH,,
20-04-2021,PREKSHA PRECIMEX,119,HGH 15,HIWIN,2,1125,2250,KOHINOOR BRGS,50,100,MARCH,,
20-04-2021,PREKSHA PRECIMEX,119,HGR 15 1XMTR,HIWIN,1,2650,2650,KOHINOOR BRGS,,0,MARCH,,
18-05-2021,PREKSHA PRECIMEX,SALE,MGN 9 H,HIWIN,4,1200,4800,GAUTTAM ENT.,,0,MARCH,,
11-06-2021,PREKSHA PRECIMEX,SALE,SBI 30 L,SBL,6,2650,15900,GAUTTAM ENT.,,0,MARCH,,
05-07-2021,PREKSHA PRECIMEX,SALE,MSA 35 ASSFC,PMI,2,4300,8600,GAUTTAM ENT.,,0,MARCH,,
06-09-2021,PREKSHA PRECIMEX,SALE,HGH 35 CA,HIWIN,4,2850,11400,KOHINOOR BRGS,,0,MARCH,,
29-09-2021,PREKSHA PRECIMEX,SALE,HGH 35 CA,HIWIN,52,2800,145600,KOHINOOR BRGS,,0,MARCH,,
11-12-2021,PREKSHA PRECIMEX,SALE,HGR 25X1000,HIWIN,2,3900,7800,GAUTTAM ENT.,,0,MARCH,,
13-12-2019,R MAHETA & BROS,SALE,7205 CTRDULP3,RHP,3,5400,16200,JAYDEEP ENT.,,0,MARCH,,
31-10-2020,R MAHETA & BROS,SALE,NBU 15/50GRM,NBU,2,800,1600,KOHINOOR BEARING,,0,MARCH,,
12-04-2021,R P IMPEX,168,7214 BEP,SKF,12,3299.52,39594.24,KOHINOOR BRGS,68.4,820.8,MARCH,,
12-04-2021,R P IMPEX,168,NU 2214 ECP,SKF,6,5059.6,30357.6,KOHINOOR BRGS,97.6,585.6,MARCH,,
12-05-2021,R P IMPEX,SALE,4202 ATN9,SKF,20,902.08,18041.6,KOHINOOR BRGS,,0,MARCH,,
25-05-2021,R P IMPEX,SALE,2206 2RS,SKF,12,1379.56,16554.72,KOHINOOR BRGS,26.5,318,MARCH,,
25-05-2021,R P IMPEX,SALE,63007 2RS,SKF,2,976.45,1952.9,KOHINOOR BRGS,,0,MARCH,,
31-05-2021,R P IMPEX,959,22218 E,SKF,2,6600,13200,N M SALES AG,100,200,MARCH,,
31-05-2021,R P IMPEX,959,6018 ZZ,SKF,2,2717.64,5435.28,N M SALES AG,,0,MARCH,,
01-06-2021,R P IMPEX,985,16006,SKF,1,516.25,516.25,KOHINOOR BRGS,,0,MARCH,,
01-06-2021,R P IMPEX,985,22210 EK,SKF,2,3250,6500,KOHINOOR BRGS,,0,MARCH,,
01-06-2021,R P IMPEX,985,3310 A,SKF,2,4450,8900,KOHINOOR BRGS,100,200,MARCH,,
22-06-2021,R P IMPEX,1492,22211 EK,SKF,2,3300,6600,KOHINOOR BRGS,,0,MARCH,,
29-06-2021,R P IMPEX,1653,2202 2RS,SKF,10,1405.34,14053.4,R K ENT.,48.46,484.6,MARCH,,
05-07-2021,R P IMPEX,1801,2211 EK,SKF,1,2120.97,2120.97,KOHINOOR BRGS,,0,MARCH,,
21-07-2021,R P IMPEX,2199,4202,SKF,15,950.4,14256,KOHINOOR BRGS,,0,MARCH,,
10-08-2021,R P IMPEX,SALE,6021,SKF,1,4486.27,4486.27,KOHINOOR BRGS,,0,MARCH,,
25-10-2021,R P IMPEX,SALE,6319/C3,SKF,2,7237.08,14474.16,VISHAL RG.CORP,,0,MARCH,,
17-01-2022,R P IMPEX,6058,6015 ZZ,SKF,2,2004,4008,KOHINOOR BRGS,,0,MARCH,,
18-01-2022,R P IMPEX,SALE,7201 BEP,SKF,2,1166.4,2332.8,GAUTTAM ENT.,,0,MARCH,,
07-03-2022,R P IMPEX,7012,6318 C3,SKF,1,6200,6200,KOHINOOR BRGS,,0,MARCH,,
12-03-2022,R P IMPEX,SALE,6317 C3,SKF,2,5226.33,10452.66,GAUTTAM ENT.,,0,MARCH,,
11-09-2021,RAMESH BEARING ENT.,SALE,2211 K,URB,4,637,2548,KOHINOOR BRGS,,0,MARCH,,
05-04-2021,RNS BEARINGS,1023,6207 Z ,FAG,56,205,11480,KOHINOOR BRGS,,0,MARCH,,
12-04-2021,RNS BEARINGS,1069,6207 Z,FAG,72,205,14760,KOHINOOR BRGS,,0,MARCH,,
21-06-2021,RNS BEARINGS,SALE,22216 K C3,FAG,16,2863.96,45823.36,GAUTTAM ENT.,,0,MARCH,,
07-07-2021,RNS BEARINGS,SALE,UCF 208,FAG,4,919.5,3678,N M SALES AG,,0,MARCH,,
21-07-2021,RNS BEARINGS,SALE,UCFL 207,FAG,4,899,3596,GAUTTAM ENT.,,0,MARCH,,
04-08-2021,RNS BEARINGS,SALE,6215,HCH,1,667.59,667.59,KOHINOOR BRGS,,0,MARCH,,
04-08-2021,RNS BEARINGS,SALE,6315,HCH,1,2070.12,2070.12,KOHINOOR BRGS,,0,MARCH,,
22-09-2021,RNS BEARINGS,SALE,6305,FAG,10,119.85,1198.5,KOHINOOR BRGS,,0,MARCH,,
27-09-2021,RNS BEARINGS,SALE,22213 K C3,FAG,2,2458.35,4916.7,KOHINOOR BRGS,,0,MARCH,,
09-11-2021,RNS BEARINGS,2675,6006,FAG,126,123.93,15615.18,N M SALES AG,,0,MARCH,,
10-12-2021,RNS BEARINGS,2980,UCF 206/09,FAG,1,25927.2,25927.2,N M SALES AG,,0,MARCH,,
25-12-2021,RNS BEARINGS,3169,22228 K,FAG,2,13038.52,26077.04,KOHINOOR BRGS,,0,MARCH,,
19-03-2022,RNS BEARINGS,SALE,22222K,FAG,4,7335.84,29343.36,GAUTTAM ENT.,,0,MARCH,,
24-03-2022,ROLLWELL BRG.CORP,SALE,GE 60 ES 2RS,IKO,6,1350,8100,GAUTTAM ENT.,,0,MARCH,,
12-04-2021,SANGAM ENTERPRISE,110,,SMS,1,912,912,KOHINOOR BRGS,,0,MARCH,,
19-05-2021,SANGAM ENTERPRISE,396,KM 13/MB 13,SMS,1,322,322,KOHINOOR BRGS,,0,MARCH,,
20-05-2021,SANGAM ENTERPRISE,407,KM 24,SMS,1,1682,1682,KOHINOOR BRGS,,0,MARCH,,
21-06-2021,SANGAM ENTERPRISE,664,fs 460,,15,28,420,KOHINOOR BRGS,,0,MARCH,,
22-06-2021,SANGAM ENTERPRISE,689,MB 12,SMS,1,1873.8,1873.8,KOHINOOR BRGS,,0,MARCH,,
24-06-2021,SANGAM ENTERPRISE,711,MB 9,SMS,300,10.5,3150,KOHINOOR BRGS,,0,MARCH,,
02-07-2021,SANGAM ENTERPRISE,789,,SMS,1,1867.5,1867.5,KOHINOOR BRGS,,0,MARCH,,
09-07-2021,SANGAM ENTERPRISE,854,,SMS,1,166.5,166.5,KOHINOOR BRGS,,0,MARCH,,
12-07-2021,SANGAM ENTERPRISE,SALE,KM 20,SMS,63,176.16,11098.08,GAUTTAM ENT.,,0,MARCH,,
21-07-2021,SANGAM ENTERPRISE,X,KM/MB 10,SMS,1,55,55,KOHINOOR BRGS,,0,MARCH,,
30-07-2021,SANGAM ENTERPRISE,SALE,,SMS,1,5530,5530,KOHINOOR BRGS,,0,MARCH,,
21-08-2021,SANGAM ENTERPRISE,1271,,SMS,1,14292,14292,KOHINOOR BRGS,,0,MARCH,,
26-08-2021,SANGAM ENTERPRISE,1328,,SMS,1,16758,16758,KOHINOOR BRGS,,0,MARCH,,
27-08-2021,SANGAM ENTERPRISE,SALE,H 217,SMS,1,225,225,KOHINOOR BRGS,,0,MARCH,,
06-09-2021,SANGAM ENTERPRISE,1447,,SMS,1,13793.65,13793.65,KOHINOOR BRGS,,0,MARCH,,
07-09-2021,SANGAM ENTERPRISE,1470,,SMS,1,3902.6,3902.6,KOHINOOR BRGS,,0,MARCH,,
04-10-2021,SANGAM ENTERPRISE,SALE,H 317,SMS,1,1237.5,1237.5,KOHINOOR BRGS,,0,MARCH,,
12-10-2021,SANGAM ENTERPRISE,1848,,SMS,1,6300,6300,KOHINOOR BRGS,,0,MARCH,,
20-10-2021,SANGAM ENTERPRISE,SALE,KM 25,SMS,1,903,903,KOHINOOR BRGS,,0,MARCH,,
22-10-2021,SANGAM ENTERPRISE,1966,,SMS,1,652,652,KOHINOOR BRGS,,0,MARCH,,
11-12-2021,SANGAM ENTERPRISE,2483,,SMS,1,522,522,KOHINOOR BRGS,,0,MARCH,,
24-12-2021,SANGAM ENTERPRISE,2616,2616,SMS,1,1673,1673,KOHINOOR BRGS,,0,MARCH,,
25-12-2021,SANGAM ENTERPRISE,2627,,SMS,1,2821,2821,KOHINOOR BRGS,,0,MARCH,,
02-02-2022,SANGAM ENTERPRISE,3036,,SMS,1,6678,6678,KOHINOOR BRGS,,0,MARCH,,
04-02-2022,SANGAM ENTERPRISE,3054,MB 38,SMS,26,377.5,9815,KOHINOOR BRGS,,0,MARCH,,
08-02-2022,SANGAM ENTERPRISE,3095,,SMS,1,1673,1673,KOHINOOR BRGS,,0,MARCH,,
01-03-2022,SANGAM ENTERPRISE,3303,H317,SMS,2,247.5,495,KOHINOOR BRGS,,0,MARCH,,
15-03-2022,SANGAM ENTERPRISE,3453,SN 512,SMS,2,858.5,1717,KOHINOOR BRGS,,0,MARCH,,
03-06-2021,SANJAY OT,SALE,61904 2RS,SKF,5,497,2485,KOHINOOR BRGS,,0,MARCH,,
28-06-2021,SANJAY OT,SALE,2202 2RS,SKF,30,1429.57,42887.1,R K ENT.,24+43,1710,MARCH,,
05-07-2021,SANJAY OT,SALE,6902 2RS,SKF,4,489,1956,KOHINOOR BRGS,,0,MARCH,,
16-08-2021,SANJAY OT,SALE,33211,SKF,2,2368.6,4737.2,KOHINOOR BRGS,45.5,91,MARCH,,
18-10-2021,SANJAY OT,SALE,6902 2RS/635 ZZ,SKF,10,678.8,6788,KOHINOOR BRGS,,0,MARCH,,
27-10-2021,SANJAY OT,SALE,16901 ZZ,SKF,3,416,1248,KOHINOOR BRGS,,0,MARCH,,
27-10-2021,SANJAY OT,SALE,6008 2RS,SKF,10,465,4650,N M SALES AG,,0,MARCH,,
29-10-2021,SANJAY OT,SALE,4206,SKF,1,2052,2052,KOHINOOR BRGS,,0,MARCH,,
30-10-2021,SANJAY OT,1641,61900 ZZ,SKF,20,447,8940,KOHINOOR BRGS,,0,MARCH,,
01-11-2021,SANJAY OT,SALE,6212 ZZ C4,SKF,2,1850,3700,VIKAS TRADING CO,50,100,MARCH,,
18-12-2021,SANJAY OT,1992,NUP 307 ECP,SKF,1,3368,3368,KOHINOOR BRGS,58,58,MARCH,,
07-01-2022,SANJAY OT,SALE,NUP 307 ECP,SKF,2,3484,6968,KOHINOOR BRGS,116,232,MARCH,,
25-01-2022,SANJAY OT,SALE,7204,SKF,3,1045.94,3137.82,GAUTTAM ENT.,,0,MARCH,,
18-10-2021,shri arihant impex ,SALE,16004,SKF,4,311.4,1245.6,GAUTTAM ENT.,,0,MARCH,,
29-10-2021,shri arihant impex ,X,4204,SKF,1,1300,1300,KOHINOOR BRGS,,0,MARCH,,
20-08-2021,shri arihant impex ,SALE,22222 ek,SKF,4,12400,49600,KOHINOOR BRGS,,0,MARCH,,
11-12-2021,shri arihant impex ,SALE,7205,SKF,2,1100,2200,KOHINOOR BRGS,,0,MARCH,,
11-12-2021,shri arihant impex ,SALE,30303,SKF,1,725,725,KOHINOOR BRGS,,0,MARCH,,
15-10-2020,T S ENTERPRISE,SALE,7020 CTRDULP3,RHP,1,15000,15000,JAYDEEP ENTER.,,0,MARCH,,
09-11-2020,T S ENTERPRISE,1448,7208 STYNSUL P 4,NSK,2,2700,5400,KOHINOOR BEARING,,0,MARCH,,
12-07-2021,T S ENTERPRISE,SALE,40TAC 72,NSK,1,2850,2850,KOHINOOR BRGS,,0,MARCH,,
11-09-2021,T S ENTERPRISE,SALE,7201 CTYNDULP4,NSK,2,2450,4900,KOHINOOR BRGS,100,200,MARCH,,
07-12-2021,T S ENTERPRISE,2418,45 TAC 100,NSK,1,7700,7700,KOHINOOR BRGS,,0,MARCH,,
11-12-2021,T S ENTERPRISE,SALE,7018 CTYNDULP4,NSK,1,12000,12000,KOHINOOR BRGS,,0,MARCH,,
31-03-2022,T S ENTERPRISE,SALE,BAB 2562,NAK,4,1050,4200,KOHINOOR BRGS,,0,MARCH,,
29-06-2021,TRADE LINKERS,291,6003 ZZ,SKF,20,132.6,2652,R K ENT.,4,80,MARCH,,
28-09-2021,TRADE LINKERS,SALE,6212 ZZ,SKF,2,705,1410,KOHINOOR BRGS,0,0,MARCH,,
08-10-2021,TRADE LINKERS,1183,6309,SKF,1,793.8,793.8,KOHINOOR BRGS,,0,MARCH,,
07-03-2022,TRADE LINKERS,2282,6900 ZZ,SKF,20,78,1560,KOHINOOR BRGS,,0,MARCH,,
11-11-2021,TRANSEQUIP,13521,SW 190,LOY-JOY,25,1740.7,43517.5,KOHINOOR BRGS,53.56,1339,MARCH,,
11-12-2021,TRANSEQUIP,13770,SW 276,LOY-JOY,1,4864.3,4864.3,KOHINOOR BRGS,138,138,MARCH,,
22-03-2022,TRANSEQUIP,14636,SW 276,LOY-JOY,1,4864.3,4864.3,KOHINOOR BRGS,146,146,MARCH,,
22-03-2022,TRANSEQUIP,14636,SW 190,LOY-JOY,1,678,678,KOHINOOR BRGS,30,30,MARCH,,
12-10-2021,VISHAL NEEDLE,X,F 16/12,BUSH,2,25,50,KOHINOOR BRGS,,0,MARCH,,
12-10-2021,VISHAL NEEDLE,X,F 604,BUSH,20,18,360,KOHINOOR BRGS,,0,MARCH,,
12-10-2021,VISHAL NEEDLE,X,PAP 10/12,BUSH,2,10,20,KOHINOOR BRGS,,0,MARCH,,
20-10-2021,VISHAL NEEDLE,SALE,F 16/12,BUSH,2,25,50,KOHINOOR BRGS,,0,MARCH,,
20-10-2021,VISHAL NEEDLE,SALE,GE 20 GS 2RS,LS,6,375,2250,KOHINOOR BRGS,,0,MARCH,,
20-10-2021,VISHAL NEEDLE,SALE,LHSA 10(1.5),WERB,20,125,2500,KOHINOOR BRGS,15,300,MARCH,,
20-10-2021,VISHAL NEEDLE,SALE,PAP 10/12,BUSH,2,9,18,KOHINOOR BRGS,,0,MARCH,,
20-10-2021,VISHAL NEEDLE,SALE,PAP 24/15,BUSH,3,20,60,KOHINOOR BRGS,,0,MARCH,,
20-10-2021,VISHAL NEEDLE,SALE,PAP 25/25,BUSH,10,28,280,KOHINOOR BRGS,,0,MARCH,,
20-10-2021,VISHAL NEEDLE,SALE,PAP 32/25,BUSH,10,38,380,KOHINOOR BRGS,,0,MARCH,,
26-10-2021,VISHAL NEEDLE,SALE,GEH 60 ES2RS,LS,2,1750,3500,GAUTTAM ENT.,,0,MARCH,,
26-10-2021,VISHAL NEEDLE,SALE,PAP 40/20,CHINA,12,40,480,GAUTTAM ENT.,,0,MARCH,,
28-10-2021,VISHAL NEEDLE,SALE,BA 28/16 ZOH,NEKIB,60,75,4500,GAUTTAM ENT.,,0,MARCH,,
30-10-2021,VISHAL NEEDLE,SALE,BA 28/16,NEKIB,40,75,3000,GAUTTAM ENT.,,0,MARCH,,
01-11-2021,VISHAL NEEDLE,SALE,KRV22 PPA,NEKIB,20,175,3500,GAUTTAM ENT.,,0,MARCH,,
19-11-2021,VISHAL NEEDLE,SALE,GIR 40 UK 2RS,WERB,3,2050,6150,GAUTTAM ENT.,,0,MARCH,,
22-11-2021,VISHAL NEEDLE,X,WC 16,WASHER,10,18,180,KOHINOOR BRGS,,0,MARCH,,
24-11-2021,VISHAL NEEDLE,SALE,SI 35 ES,LS,5,1250,6250,GAUTTAM ENT.,,0,MARCH,,
24-11-2021,VISHAL NEEDLE,SALE,SIL35 ES,LS,5,1250,6250,GAUTTAM ENT.,,0,MARCH,,
20-12-2021,VISHAL NEEDLE,SALE,NA 4922,NEKIB,2,1700,3400,GAUTTAM ENT.,,0,MARCH,,
21-12-2021,VISHAL NEEDLE,X,PAP 32/30,BUSH,16,36,576,KOHINOOR BRGS,,0,MARCH,,
28-12-2021,VISHAL NEEDLE,SALE,SI 17 ES,WERB,19,300,5700,KOHINOOR BRGS,15,285,MARCH,,
04-01-2022,VISHAL NEEDLE,SALE,AXK 10013518,NEKIB,2,1200,2400,GAUTTAM ENT.,,0,MARCH,,
06-01-2022,VISHAL NEEDLE,SALE,NATV15 PP,NEKIB,32,240,7680,GAUTTAM ENT.,,0,MARCH,,
06-01-2022,VISHAL NEEDLE,SALE,NATV20 PP,NEKIB,48,290,13920,GAUTTAM ENT.,,0,MARCH,,
06-01-2022,VISHAL NEEDLE,SALE,MGR 15X1600,CHINA,1,5760,5760,GAUTTAM ENT.,,0,MARCH,,
07-01-2022,VISHAL NEEDLE,SALE,RC 040708,ESK,20,145,2900,GAUTTAM ENT.,,0,MARCH,,
07-01-2022,VISHAL NEEDLE,SALE,PAP 35/40,BUSH,4,60,240,KOHINOOR BRGS,5,20,MARCH,,
07-01-2022,VISHAL NEEDLE,SALE,LHSA 10(1.5),WERB,20,130,2600,KOHINOOR BRGS,10,200,MARCH,,
08-01-2022,VISHAL NEEDLE,SALE,SI 35 ES,CHINA,10,1250,12500,GAUTTAM ENT.,,0,MARCH,,
08-01-2022,VISHAL NEEDLE,SALE,SIL 35 ES,CHINA,10,1250,12500,GAUTTAM ENT.,,0,MARCH,,
12-01-2022,VISHAL NEEDLE,X,PAP16/20 ,BUSH,2,15,30,KOHINOOR BRGS,,0,MARCH,,
12-01-2022,VISHAL NEEDLE,X,PAF 604,BUSH,8,18,144,KOHINOOR BRGS,,0,MARCH,,
14-01-2022,VISHAL NEEDLE,X,PAP 25/30,BUSH,8,30,240,KOHINOOR BRGS,5,40,MARCH,,
14-01-2022,VISHAL NEEDLE,X,PAP 32/25,BUSH,34,35,1190,KOHINOOR BRGS,5,170,MARCH,,
14-01-2022,VISHAL NEEDLE,X,PAP 40/30,BUSH,12,45,540,KOHINOOR BRGS,10,120,MARCH,,
15-01-2022,VISHAL NEEDLE,SALE,SI 35 ES,WERB,3,1350,4050,GAUTTAM ENT.,,0,MARCH,,
15-01-2022,VISHAL NEEDLE,SALE,SIL 35 ES,WERB,2,1350,2700,GAUTTAM ENT.,,0,MARCH,,
17-01-2022,VISHAL NEEDLE,SALE,SI 20 ES,WERB,16,400,6400,GAUTTAM ENT.,,0,MARCH,,
29-01-2022,VISHAL NEEDLE,SALE,HGW 15,WERB,10,630,6300,GAUTTAM ENT.,,0,MARCH,,
29-01-2022,VISHAL NEEDLE,SALE,KRV 22PP,NEKIB,24,510,12240,GAUTTAM ENT.,,0,MARCH,,
01-02-2022,VISHAL NEEDLE,SALE,HGW 15,WERB,10,630,6300,GAUTTAM ENT.,,0,MARCH,,
10-02-2022,VISHAL NEEDLE,SALE,NK 40/30,IKO,3,450,1350,GAUTTAM ENT.,,0,MARCH,,
12-02-2022,VISHAL NEEDLE,SALE,CF 16 B UU,IKO,15,650,9750,GAUTTAM ENT.,,0,MARCH,,
21-02-2022,VISHAL NEEDLE,X,PAP16/15,BUSH,1,11,11,KOHINOOR BRGS,,0,MARCH,,
21-02-2022,VISHAL NEEDLE,X,PAP12/08,BUSH,101,7,707,KOHINOOR BRGS,,0,MARCH,,
01-03-2022,VISHAL NEEDLE,SALE,NK 90/35,IKO,1,2000,2000,GAUTTAM ENT.,,0,MARCH,,
12-03-2022,VISHAL NEEDLE,SALE,NA 4914,NEKIB,2,525,1050,GAUTTAM ENT.,,0,MARCH,,
12-03-2022,VISHAL NEEDLE,SALE,CR 24 B UU,IKO,8,1100,8800,GAUTTAM ENT.,,0,MARCH,,
22-03-2022,VISHAL NEEDLE,SALE,GE 60 ES 2RS,IKO,2,1350,2700,GAUTTAM ENT.,,0,MARCH,,
22-03-2022,VISHAL NEEDLE,2233,LHSA 10(1.5),WERB,10,130,1300,KOHINOOR BRGS,10,100,MARCH,,
