DATE , PARTY NAME,BILL NO,ITEM,MAKE, QTY , RATE , TOTAL ,PARTY,EX RATE,EX TOTAL
10-10-2023,MAHAVIR SALES CORP,SALE,CSK 15 P,SLM,10.00,275.00,2750.00,N M SALES AG,, -   
13-10-2023,H D ENTERPRISE,SALE,UCP 208-24,CIU,10.00,400.00,4000.00,N M SALES AG,, -   
20-10-2023,VARDHAMANRN ENTER.,SALE,CF 20BR,IKO,2.00,875.00,1750.00,GAUTTAM ENT.,, -   
23-10-2023,H D ENTERPRISE,SALE,UCF 211,,1.00,435.00,435.00,N M SALES AG,, -   
23-10-2023,H D ENTERPRISE,SALE,UCP 213,,2.00,725.00,1450.00,N M SALES AG,, -   
30-10-2023,VARDHAMANRN ENTER.,SALE,NART 15,IKO,16.00,410.00,6560.00,GAUTTAM ENT.,, -   
07-11-2023,H D ENTERPRISE,SALE,UCF 213,NTN,2.00,1350.00,2700.00,N M SALES AG,, -   
27-11-2023,MAHAVIR SALES CORP,SALE,LM 25 GA,SLM,20.00,350.00,7000.00,GAUTTAM ENT.,, -   
28-11-2023,H D ENTERPRISE,,UCFL 205,NTN,40.00,, -   ,R K ENTER.,30.00,1200.00
03-12-2023,VARDHAMANRN ENTER.,SALE,NART 8 UU,IKO,9.00,511.00,4599.00,GAUTTAM ENT.,, -   
22-12-2023,H D ENTERPRISE,SALE,UCF207,CIU,10.00,310.00,3100.00,N M SALES AG,, -   
29-12-2023,VARDHAMANRN ENTER.,SALE,TAF 10012026,IKO,1.00,2300.00,2300.00,GAUTTAM ENT.,, -   
02-01-2024,VARDHAMANRN ENTER.,SALE,22218,SKF,2.00,6175.00,12350.00,MANJIL ENTER.,, -   
04-01-2024,MAHAVIR SALES CORP,SALE,SI 40ES 2RS,SLM,5.00,1625.00,8125.00,N M SALES AG,, -   
17-01-2024,VARDHAMANRN ENTER.,SALE,22214 E,SKF,1.00,5025.00,5025.00,GAUTTAM ENT.,, -   
17-01-2024,VARDHAMANRN ENTER.,SALE,22215 E,SKF,1.00,5025.00,5025.00,GAUTTAM ENT.,, -   
31-01-2024,VARDHAMANRN ENTER.,SALE,NK 35/30,IKO,1.00,380.00,380.00,MANJIL ENTER.,, -   
31-01-2024,VARDHAMANRN ENTER.,SALE,NK 60/35,IKO,1.00,650.00,650.00,MANJIL ENTER.,, -   
01-02-2024,VARDHAMANRN ENTER.,SALE,22216 E,SKF,3.00,5550.00,16650.00,MANJIL ENTER.,, -   
09-02-2024,MAHAVIR SALES CORP,SALE,CSK 15 ,SLM,5.00,250.00,1250.00,N M SALES AG,, -   
09-02-2024,MAHAVIR SALES CORP,SALE,CSK 15 P,SLM,10.00,275.00,2750.00,N M SALES AG,, -   
13-02-2024,VARDHAMANRN ENTER.,SALE,22212 E,SKF,1.00,3290.00,3290.00,GAUTTAM ENT.,, -   
29-02-2024,H D ENTERPRISE,SALE,UCFL 204,NTN,20.00,, -   ,R K ENTER.,30.00,600.00
29-02-2024,H D ENTERPRISE,SALE,UCFL 205,NTN,20.00,, -   ,R K ENTER.,30.00,600.00
29-02-2024,H D ENTERPRISE,SALE,UCFL 208,NTN,12.00,, -   ,R K ENTER.,100.00,1200.00
09-03-2024,VARDHAMANRN ENTER.,SALE,GE 70 ES 2RS,IKO,4.00,1800.00,7200.00,GAUTTAM ENT.,, -   
20-03-2024,H D ENTERPRISE,SALE,UCF 213,NTN,4.00,, -   ,N M SALES AG,200.00,800.00
01-04-2024,ANUPAM MARKETING P LTD,12,LGHP 2/04,GREES,4.00,956.00,3825.90,N M SALES AG,, -   
01-04-2024,GFB ENTERPRISE,6,6207 ZZ C3 BULK,FAG,55.00,195.00,10725.00,N M SALES AG,5.00,275.00
01-04-2024,RAVI ABHAY TRADING CO,SALE,6205 ZZ,KG,190.00,43.00,8075.00,N M SALES AG,, -   
01-04-2024,GFB ENTERPRISE,3,,SKF,1.00,10800.00,10800.00,N M SALES AG,, -   
01-04-2024,AJMERA ENTERPRISE,2,,IKO,1.00,6900.00,6900.00,GAUTTAM ENT.,, -   
01-04-2024,RNS BEARINGS,6,32014,FAG,2.00,1380.00,2760.00,GAUTTAM ENT.,, -   
01-04-2024,RNS BEARINGS,42,3205 B TVH,FAG,3.00,920.00,2760.00,GAUTTAM ENT.,, -   
01-04-2024,VARDHAMANRN ENTER.,SALE,NAST 25 ZZ,IKO,2.00,590.00,1180.00,GAUTTAM ENT.,, -   
02-04-2024,GFB ENTERPRISE,44,6205 ZZBULK,FAG,108.00,97.00,10476.00,N M SALES AG,1.50,162.00
02-04-2024,J INDUSTRIAL P LTD,75,,JIC,1.00,6732.00,6732.00,N M SALES AG,, -   
02-04-2024,POLITE ENTER,SALE,UCP 205,BBZ,15.00,100.00,1500.00,N M SALES AG,, -   
02-04-2024,PRECISION BEARING & ASS.,40,,MTC,1.00,1572.00,1572.00,N M SALES AG,, -   
02-04-2024,RAVI ABHAY TRADING CO,SALE,6004 ZZ,KG,100.00,29.00,2850.00,N M SALES AG,, -   
02-04-2024,RAVI ABHAY TRADING CO,SALE,6202 ZZ,KG,100.00,19.00,1850.00,N M SALES AG,, -   
02-04-2024,SHREE ARIHANT IMPEX,33,6204 ZZ,SKF,360.00,85.00,30600.00,N M SALES AG,3.00,1080.00
03-04-2024,PRECISION BEARING & ASS.,61,,MTC,1.00,1752.00,1752.00,N M SALES AG,, -   
03-04-2024,RAVI ABHAY TRADING CO,SALE,6206 ZZC3,KG,240.00,62.00,14760.00,N M SALES AG,, -   
03-04-2024,RAVI ABHAY TRADING CO,SALE,6211 ZZ,KG,5.00,180.00,900.00,N M SALES AG,, -   
03-04-2024,SHREE ARIHANT IMPEX,SALE,6204 ZZ,SKF,600.00,85.00,51000.00,N M SALES AG,2.00,1200.00
03-04-2024,M/S ORIENT TRADERS,SALE,6008 ZZ,SKF,5.00,440.00,2200.00,GAUTTAM ENT.,, -   
05-04-2024,AJAHARA ENT.,164,,FAG,1.00,5247.00,5247.00,N M SALES AG,, -   
05-04-2024,BHARTI BEARING CO,SALE,535/32,ZBN,2.00,400.00,800.00,N M SALES AG,, -   
05-04-2024,H D ENTERPRISE,SALE,UCFL 208,NTN,16.00,, -   ,N M SALES AG,75.00,1200.00
05-04-2024,DEEPAK C J,SALE,6808 ZZ,NTN,7.00,300.00,2100.00,GAUTTAM ENT.,, -   
05-04-2024,DEEPAK C J,SALE,6900 ZZ,NTN,10.00,110.00,1100.00,GAUTTAM ENT.,, -   
05-04-2024,JAYCHENDRA BRG P LTD,241,,IKO,1.00,3320.00,3320.00,GAUTTAM ENT.,, -   
06-04-2024,AJAHARA ENT.,115,6005 ZZ,FAG,66.00,126.00,8305.40,N M SALES AG,, -   
06-04-2024,AJAHARA ENT.,115,6007 ZZ,FAG,40.00,196.00,7849.60,N M SALES AG,, -   
06-04-2024,AJAHARA ENT.,191,6210 ZZ,FAG,35.00,360.00,12612.60,N M SALES AG,, -   
06-04-2024,RAVI ABHAY TRADING CO,X,6205 ZZ,KG,190.00,45.00,8618.40,N M SALES AG,, -   
06-04-2024,RAVI ABHAY TRADING CO,X,6305 ZZ,KG,20.00,77.00,1535.40,N M SALES AG,, -   
06-04-2024,VALLABH ENTERPRISE,SALE,7309 BEP,SKF,5.00,1942.00,9710.00,N M SALES AG,92.50,462.50
06-04-2024,JAYCHENDRA BRG P LTD,SALE,SUCF 206,ANI,25.00,675.00,16875.00,BHAVYA ENT.,, -   
06-04-2024,SHREE JAY ENTER.,SALE,UCFL 206,SKF,4.00,959.00,3837.20,GAUTTAM ENT.,, -   
06-04-2024,VALLABH ENTERPRISE,SALE,6009 2RS,SKF,5.00,745.00,3725.00,GAUTTAM ENT.,, -   
06-04-2024,VALLABH ENTERPRISE,SALE,7204 BEP,SKF,4.00,825.00,3300.00,GAUTTAM ENT.,, -   
06-04-2024,VALLABH ENTERPRISE,SALE,7205 BEP,SKF,4.00,800.00,3200.00,GAUTTAM ENT.,, -   
08-04-2024,PRECISION BEARING & ASS.,134,,MTC,1.00,1544.00,1544.00,N M SALES AG,, -   
08-04-2024,RAVI ABHAY TRADING CO,X,608 2RS,HCH,250.00,18.00,4387.50,N M SALES AG,, -   
08-04-2024,RAVI ABHAY TRADING CO,X,6201 2RS,HCH,50.00,26.00,1300.00,N M SALES AG,, -   
08-04-2024,RAVI ABHAY TRADING CO,X,6201 ZZ,KG,100.00,19.00,1890.00,N M SALES AG,, -   
08-04-2024,RAVI ABHAY TRADING CO,X,6202 2RS,HCH,100.00,29.00,2860.00,N M SALES AG,, -   
08-04-2024,RAVI ABHAY TRADING CO,X,6202 ZZ,KG,100.00,20.00,2000.00,N M SALES AG,, -   
08-04-2024,RAVI ABHAY TRADING CO,X,629 2RS,HCH,75.00,22.00,1680.00,N M SALES AG,, -   
08-04-2024,SHREE ARIHANT IMPEX,153,6304 ZZ,SKF,1.00,3909.00,3909.20,N M SALES AG,, -   
08-04-2024,SHREE ARIHANT IMPEX,145,,SKF,1.00,3221.00,3220.50,N M SALES AG,, -   
08-04-2024,RNS BEARINGS,SALE,22311,EDX,4.00,1240.00,4960.00,BHAVYA ENT.,, -   
08-04-2024,RNS BEARINGS,SALE,22312 MBK,EDX,4.00,1400.00,5600.00,BHAVYA ENT.,, -   
08-04-2024,RNS BEARINGS,SALE,22318 MB,EDX,4.00,3600.00,14400.00,BHAVYA ENT.,, -   
10-04-2024,J INDUSTRIAL P LTD,SALE,KM 6,JIC,1.00,4331.00,4331.30,N M SALES AG,, -   
10-04-2024,GFB ENTERPRISE,SALE,6004 ZZ,SKF,203.00,98.00,19894.00,N M SALES AG,2.00,406.00
10-04-2024,A S INTERNATIONAL,103,,TSC,1.00,3950.00,3950.00,OCEANIC OVERSEAS,, -   
10-04-2024,BHAVYA ENTER.-MAHEH,SALE,22209 E,SKF,1.00,3200.00,3200.00,N M SALES AG,, -   
11-04-2024,POLITE ENTER,SALE,UCP 205,KHK,10.00,325.00,3250.00,N M SALES AG,, -   
11-04-2024,POLITE ENTER,SALE,UCP 206,BBZ,15.00,140.00,2100.00,N M SALES AG,, -   
11-04-2024,JAYCHENDRA BRG P LTD,SALE,NA 4903,IKO,6.00,230.00,1380.00,GAUTTAM ENT.,, -   
12-04-2024,A S INTERNATIONAL,SALE,20HA ZOC,TSC,9.00,750.00,6750.00,OCEANIC OVERSEAS,, -   
12-04-2024,A S INTERNATIONAL,SALE,HGR 20 1400MM,TSC,4.00,1600.00,6400.00,OCEANIC OVERSEAS,, -   
12-04-2024,BHAVYA ENTER.-MAHEH,SALE,22209 E,SKF,1.00,3200.00,3200.00,BHAVYA ENT.,, -   
13-04-2024,PRECISION BEARING & ASS.,218,,MTC,1.00,3473.00,3472.80,N M SALES AG,, -   
13-04-2024,RAVI ABHAY TRADING CO,X,6202 ZZ,KG,100.00,20.00,1970.00,N M SALES AG,, -   
13-04-2024,A S INTERNATIONAL,SALE,HGH 25 CAZAC,CTS,7.00,550.00,3850.00,OCEANIC OVERSEAS,, -   
13-04-2024,A S INTERNATIONAL,SALE,HGR 20 1400MM,CTS,4.00,1600.00,6400.00,OCEANIC OVERSEAS,, -   
13-04-2024,A S INTERNATIONAL,SALE,HGR 20 450MM,CTS,5.00,560.00,2800.00,OCEANIC OVERSEAS,, -   
13-04-2024,A S INTERNATIONAL,SALE,HGR 25 750MM,CTS,1.00,1100.00,1100.00,OCEANIC OVERSEAS,, -   
13-04-2024,RAVI ABHAY TRADING CO,X,6209 ZZ,KG,10.00,143.00,1426.00,N M SALES AG,, -   
13-04-2024,VARDHAMANRN ENTER.,SALE,CF 12-1 BR,IKO,30.00,395.00,11850.00,VIRAJ ENT,15.00,450.00
13-04-2024,M/S ORIENT TRADERS,SALE,LGHP 2/18,SKF,2.00,31372.00,62744.00,VIRAJ ENT,871.00,1742.00
13-04-2024,SANJAY ORIENT,SALE,51105,SKF,30.00,627.00,18810.00,GAUTTAM ENT.,, -   
13-04-2024,VARDHAMANRN ENTER.,SALE,RNA 4913,IKO,2.00,975.00,1950.00,GAUTTAM ENT.,, -   
15-04-2024,POLITE ENTER,X,UCP 208-24,NRP,8.00,231.00,1848.00,N M SALES AG,, -   
15-04-2024,A S INTERNATIONAL,SALE,LMF 16 UU,TSC,137.00,105.00,14385.00,OCEANIC OVERSEAS,, -   
15-04-2024,RAVI ABHAY TRADING CO,X,6006 ZZ,KG,25.00,48.00,1188.00,N M SALES AG,, -   
15-04-2024,RAVI ABHAY TRADING CO,X,6205 ZZ,KG,190.00,45.00,8618.40,N M SALES AG,, -   
15-04-2024,RAVI ABHAY TRADING CO,X,6305 ZZ,KG,50.00,76.00,3780.00,N M SALES AG,, -   
15-04-2024,RAVI ABHAY TRADING CO,X,6307 ZZ,KG,25.00,146.00,3645.00,N M SALES AG,, -   
15-04-2024,M/S ORIENT TRADERS,SALE,33205,SKF,6.00,1297.00,7781.30,N M SALES AG,44.72,268.32
15-04-2024,GFB ENTERPRISE,SALE,4203,SKF,3.00,1181.00,3543.00,N M SALES AG,161.00,483.00
15-04-2024,AJMERA ENTERPRISE,66,GE 40 ES 2RS,IKO,4.00,750.00,3000.00,GAUTTAM ENT.,, -   
16-04-2024,MASRANI ENGG.CO,X,HE 2310,HKG,30.00,108.00,3240.00,N M SALES AG,, -   
16-04-2024,RAVI ABHAY TRADING CO,X,6206 ZZC3,KG,120.00,66.00,7970.40,N M SALES AG,, -   
16-04-2024,NEW AGE BEARING LLP,SALE,63007 2RS,FAG,2.00,750.00,1500.00,VIRAJ ENT,, -   
16-04-2024,POLITE ENTER,SALE,UCF 206,CHINA,4.00,140.00,560.00,VIRAJ ENT,5.00,20.00
16-04-2024,POLITE ENTER,SALE,UCFC 207,CHINA,4.00,245.00,980.00,VIRAJ ENT,10.00,40.00
16-04-2024,POLITE ENTER,SALE,UCT 206,CHINA,4.00,185.00,740.00,VIRAJ ENT,10.00,40.00
16-04-2024,M/S ORIENT TRADERS,SALE,6008 ZZ,SKF,10.00,440.00,4400.00,GAUTTAM ENT.,, -   
17-04-2024,MASRANI ENGG.CO,246,,HKG,1.00,4820.00,4820.00,N M SALES AG,, -   
17-04-2024,RAVI ABHAY TRADING CO,SALE,6008 ZZ,KG,6.00,70.00,420.00,N M SALES AG,, -   
17-04-2024,RAVI ABHAY TRADING CO,SALE,6204 ZZ,KG,60.00,37.00,2220.00,N M SALES AG,, -   
17-04-2024,RAVI ABHAY TRADING CO,SALE,6208 ZZ,KG,68.00,110.00,7480.00,N M SALES AG,, -   
18-04-2024,M/S ORIENT TRADERS,SALE,2211K,SKF,4.00,2076.00,8304.50,N M SALES AG,43.00,172.00
18-04-2024,BHAGIRATH TRADING CO,352,LGHP 2/04,GRESS,5.00,894.00,4472.00,N M SALES AG,, -   
18-04-2024,ANUPAM MARKETING P LTD,3079,,SKF,1.00,6244.00,6243.60,N M SALES AG,, -   
18-04-2024,LAXMINARAYAN & SONS,SALE,UCF 208,FAG,50.00,1122.00,56100.00,GAUTTAM ENT.,, -   
18-04-2024,VARDHAMANRN ENTER.,SALE,NART 10 VUUR,IKO,6.00,550.00,3300.00,GAUTTAM ENT.,, -   
19-04-2024,POLITE ENTER,SALE,UCFL 205,CHINA,10.00,100.00,1000.00,N M SALES AG,, -   
19-04-2024,POLITE ENTER,SALE,UCP 204,CHINA,20.00,90.00,1800.00,N M SALES AG,, -   
19-04-2024,POLITE ENTER,SALE,UCT 205,CHINA,10.00,140.00,1400.00,N M SALES AG,, -   
19-04-2024,POLITE ENTER,SALE,UCT 206,CHINA,10.00,185.00,1850.00,N M SALES AG,, -   
19-04-2024,SHREE JAY ENTER.,256,H 311,SKF,1.00,384.00,384.00,N M SALES AG,, -   
19-04-2024,SANJAY ORIENT,SALE,33208,SKF,4.00,2555.00,10218.80,N M SALES AG,86.60,346.40
20-04-2024,AJMERA ENTERPRISE,SALE,NKX 50 T2Z,NTN,8.00,2325.00,18600.00,GAUTTAM ENT.,, -   
20-04-2024,JAYCHENDRA BRG P LTD,804,,IKO,1.00,1350.00,1350.00,GAUTTAM ENT.,, -   
22-04-2024,JENIL INTERNATIONAL LLP,SALE,6204 ZZ,SKF,10.00,192.00,1920.90,N M SALES AG,, -   
22-04-2024,JENIL INTERNATIONAL LLP,SALE,6310 2RS C3,SKF,5.00,1052.00,5261.10,N M SALES AG,, -   
22-04-2024,GFB ENTERPRISE,SALE,6004 ZZ,SKF,182.00,98.00,17836.00,N M SALES AG,3.00,546.00
22-04-2024,SHREE ARIHANT IMPEX,SALE,UCP 207,SKF,4.00,1048.00,4193.30,GAUTTAM ENT.,, -   
23-04-2024,VARDHAMANRN ENTER.,SALE,CF 20-1 BR,IKO,25.00,860.00,21500.00,VIRAJ ENT,30.00,750.00
25-04-2024,M/S ORIENT TRADERS,SALE,6314 C3,SKF,1.00,2800.00,2800.00,GAUTTAM ENT.,, -   
25-04-2024,VARDHAMANRN ENTER.,SALE,NA 6904,IKO,3.00,590.00,1770.00,GAUTTAM ENT.,, -   
25-04-2024,VARDHAMANRN ENTER.,SALE,NKI 55/25,IKO,3.00,790.00,2370.00,GAUTTAM ENT.,, -   
26-04-2024,RAVI ABHAY TRADING CO,452,6003 zz,KG,60.00,23.00,1365.00,N M SALES AG,, -   
26-04-2024,RAVI ABHAY TRADING CO,452,6204 ZZ,KG,340.00,36.00,12325.00,N M SALES AG,, -   
26-04-2024,RAVI ABHAY TRADING CO,452,6308 zz,KG,4.00,170.00,680.00,N M SALES AG,, -   
27-04-2024,JAYCHENDRA BRG P LTD,1093,,IKO,1.00,1500.00,1500.00,GAUTTAM ENT.,, -   
27-04-2024,JAYCHENDRA BRG P LTD,1066,,IKO,1.00,1310.00,1310.00,GAUTTAM ENT.,, -   
27-04-2024,M/S ORIENT TRADERS,SALE,UCFL 206,SKF,4.00,978.00,3912.50,GAUTTAM ENT.,, -   
28-04-2024,AJMERA ENTERPRISE,SALE,CF 8 B,IKO,10.00,250.00,2500.00,N M SALES AG,, -   
28-04-2024,RAVI ABHAY TRADING CO,SALE,6206 ZZ,KG,120.00,61.00,7320.00,N M SALES AG,, -   
28-04-2024,RAVI ABHAY TRADING CO,SALE,629 2RD,KG,75.00,21.00,1575.00,N M SALES AG,, -   
28-04-2024,VARDHAMANRN ENTER.,SALE,CF 10 B,IKO,10.00,275.00,2750.00,N M SALES AG,10.00,100.00
28-04-2024,M/S ORIENT TRADERS,SALE,29322 E,SKF,1.00,50486.00,50486.00,GAUTTAM ENT.,, -   
28-04-2024,VALLABH ENTERPRISE,SALE,6008 ZZ,SKF,10.00,455.00,4550.00,GAUTTAM ENT.,, -   
29-04-2024,AJAHARA ENT.,949,22212 K,FAG,2.00,2718.00,5435.20,N M SALES AG,, -   
29-04-2024,J INDUSTRIAL P LTD,1319,,J & J,1.00,2337.00,2337.30,N M SALES AG,, -   
29-04-2024,SANJAY ORIENT,278,51105,SKF,2.00,527.00,1054.00,N M SALES AG,, -   
30-04-2024,DYZV BEARINGS LLP,SALE,2213,DYZV,2.00,750.00,1500.00,KUNJAN TRADING CORP,, -   
30-04-2024,J INDUSTRIAL P LTD,SALE,SN 513,J & J,2.00,, -   ,KUNJAN TRADING CORP,, -   
30-04-2024,J INDUSTRIAL P LTD,1401,,JIC,1.00,6732.00,6732.00,N M SALES AG,, -   
02-05-2024,JAYCHENDRA BRG P LTD,1240,,IKO,1.00,1640.00,1640.00,GAUTTAM ENT.,, -   
02-05-2024,K D CORP-KIRAN,SALE,UC 206,NTN,24.00,150.00,3600.00,BHAVYA ENT.,25.00,600.00
02-05-2024,K D CORP-KIRAN,SALE,UC P 210,NTN,6.00,775.00,4650.00,BHAVYA ENT.,25.00,150.00
03-05-2024,GFB ENTERPRISE,813,6207 ZZ C3 BULK,FAG,55.00,195.00,10725.00,N M SALES AG,5.00,275.00
03-05-2024,PRECISION BEARING & ASS.,483,,MTC,1.00,3364.00,3364.00,N M SALES AG,, -   
03-05-2024,T S ENTERPRISE,255,7207 CTYNDULP4,NSK,2.00,4950.00,9900.00,N M SALES AG,, -   
03-05-2024,DYZV BEARINGS LLP,SALE,2209,DYZV,4.00,375.00,1500.00,BHAVYA ENT.,, -   
03-05-2024,JAYCHENDRA BRG P LTD,SALE,SUCF 206,ANI,12.00,675.00,8100.00,BHAVYA ENT.,, -   
03-05-2024,JAYCHENDRA BRG P LTD,SALE,CF 10 BUU,IKO,25.00,320.00,8000.00,GAUTTAM ENT.,, -   
06-05-2024,JENIL INTERNATIONAL LLP,804,6210 ZZ,SKF,10.00,542.00,5421.90,BHAVYA ENT.,, -   
06-05-2024,AMRIT ENTER.,SALE,UCT 215,NTN,2.00,5250.00,10500.00,VIRAJ ENT,, -   
06-05-2024,J INDUSTRIAL P LTD,1659,KM6,JIC,1.00,10106.00,10106.30,N M SALES AG,, -   
06-05-2024,POLITE ENTER,SALE,UCP 205,CME,10.00,98.00,980.00,N M SALES AG,, -   
06-05-2024,POLITE ENTER,SALE,UCP 214,CME,2.00,800.00,1600.00,N M SALES AG,25.00,50.00
06-05-2024,PRECISION BEARING & ASS.,517,,MTC,1.00,4738.00,4738.00,N M SALES AG,, -   
07-05-2024,JAYCHENDRA BRG P LTD,1413,GE 60 ES,IKO,5.00,1125.00,5625.00,GAUTTAM ENT.,, -   
08-05-2024,SHREE ARIHANT IMPEX,SALE,6204 ZZ,SKF,360.00,85.00,30600.00,N M SALES AG,2.00,720.00
08-05-2024,GFB ENTERPRISE,SALE,6008 ZZ,SKF,2.00,440.00,880.00,BHAVYA ENT.,, -   
08-05-2024,GFB ENTERPRISE,SALE,6302 ZZ,SKF,1.00,170.00,170.00,BHAVYA ENT.,, -   
08-05-2024,JAYCHENDRA BRG P LTD,1470,,IKO,1.00,2100.00,2100.00,GAUTTAM ENT.,, -   
10-05-2024,VALLABH ENTERPRISE,SALE,22316 EK,SKF,2.00,11800.00,23600.00,N M SALES AG,150.00,300.00
10-05-2024,AJAHARA ENT.,1342,22212 K,FAG,2.00,2718.00,5435.20,N M SALES AG,, -   
10-05-2024,H D ENTERPRISE,SALE,UCF 210,NTN,4.00,, -   ,N M SALES AG,125.00,500.00
10-05-2024,J INDUSTRIAL P LTD,1851,,J & J,1.00,11391.00,11391.30,N M SALES AG,, -   
10-05-2024,POLITE ENTER,825,UCFL 208,KHK,2.00,725.00,1450.00,N M SALES AG,, -   
10-05-2024,POLITE ENTER,825,UCP 206,CHINA,6.00,135.00,810.00,N M SALES AG,, -   
10-05-2024,POLITE ENTER,825,UCP208,CHINA,4.00,215.00,860.00,N M SALES AG,, -   
10-05-2024,POLITE ENTER,825,UCT 211,CHINA,2.00,525.00,1050.00,N M SALES AG,, -   
10-05-2024,JENIL INTERNATIONAL LLP,909,6004 ZZ,SKF,182.00,98.00,17836.00,N M SALES AG,2.00,364.00
10-05-2024,JENIL INTERNATIONAL LLP,909,6305 ZZ,SKF,60.00,170.00,10200.00,N M SALES AG,2.00,120.00
11-05-2024,AJMERA ENTERPRISE,SALE,LM 25 UU,IKO,2.00,715.00,1430.00,GAUTTAM ENT.,, -   
11-05-2024,AJMERA ENTERPRISE,SALE,LM35 UU,IKO,2.00,1300.00,2600.00,GAUTTAM ENT.,, -   
11-05-2024,M/S ORIENT TRADERS,SALE,332058,SKF,12.00,1979.00,23748.50,N M SALES AG,69.44,833.28
11-05-2024,JENIL INTERNATIONAL LLP,962,32008,SKF,15.00,460.00,6905.00,N M SALES AG,16.74,251.10
11-05-2024,DYZV BEARINGS LLP,SALE,22315 MBK,DYZV,2.00,3100.00,6200.00,BHAVYA ENT.,, -   
13-05-2024,RAVI ABHAY TRADING CO,X,6200 ZZ,KG,60.00,20.00,1200.00,N M SALES AG,, -   
13-05-2024,NEW AGE BEARING LLP,SALE,51210,FAG,1.00,850.00,850.00,GAUTTAM ENT.,, -   
14-05-2024,SANJAY ORIENT,SALE,NU 2210,NSK,2.00,1250.00,2500.00,N M SALES AG,100.00,200.00
14-05-2024,SONI JAIN BEARGS P LD,SALE,HK 05/09,KHK,100.00,14.00,1400.00,N M SALES AG,, -   
14-05-2024,SHREE ARIHANT IMPEX,SALE,6204 ZZ,SKF,360.00,85.00,30600.00,N M SALES AG,2.00,720.00
15-05-2024,RAVI ABHAY TRADING CO,X,62001 2RS,HCH,50.00,31.00,1567.50,N M SALES AG,, -   
15-05-2024,RAVI ABHAY TRADING CO,X,6206 ZZ,KG,120.00,66.00,7908.00,N M SALES AG,, -   
17-05-2024,SHREE ARIHANT IMPEX,SALE,6204 ZZ,SKF,240.00,87.00,20880.00,N M SALES AG,, -   
17-05-2024,NEW AGE BEARING LLP,SALE,NU 207,FAG,1.00,1250.00,1250.00,GAUTTAM ENT.,, -   
21-05-2024,PRECISION BEARING & ASS.,146,,MTC,1.00,10578.00,10578.00,N M SALES AG,, -   
21-05-2024,RAVI ABHAY TRADING CO,X,6000 ZZ,KG,60.00,17.00,1005.00,N M SALES AG,, -   
21-05-2024,RAVI ABHAY TRADING CO,X,6004 ZZ,KG,100.00,29.00,2916.00,N M SALES AG,, -   
21-05-2024,RAVI ABHAY TRADING CO,X,6200 ZZ,KG,80.00,19.00,1556.00,N M SALES AG,, -   
21-05-2024,RAVI ABHAY TRADING CO,X,62001 2RS,HCH,50.00,31.00,1566.00,N M SALES AG,, -   
21-05-2024,RAVI ABHAY TRADING CO,X,6202 ZZ,KG,100.00,19.00,1945.00,N M SALES AG,, -   
21-05-2024,M/S ORIENT TRADERS,SALE,6012 ZZ,SKF,2.00,1270.00,2540.00,MANJIL ENTER.,, -   
23-05-2024,MADHU ENTER.,SALE,UCFL 205,FYH,4.00,600.00,2400.00,N M SALES AG,, -   
23-05-2024,RAVI ABHAY TRADING CO,X,6202 ZZ,KG,100.00,19.00,1945.00,N M SALES AG,, -   
24-05-2024,SANGHAVI BEARING CORP,589,32005,SKF,20.00,284.00,5676.00,N M SALES AG,, -   
25-05-2024,VIJAY INTERNATIONAL,SALE,22212 E,SKF,4.00,3400.00,13600.00,N M SALES AG,, -   
25-05-2024,VALLABH ENTERPRISE,950,22208 E,SKF,14.00,3075.00,43050.00,N M SALES AG,125.00,1750.00
25-05-2024,H D ENTERPRISE,SALE,UCF 210,NTN,4.00,, -   ,N M SALES AG,125.00,500.00
25-05-2024,J INDUSTRIAL P LTD,SALE,H 2316,J & J,2.00,722.00,1444.50,N M SALES AG,, -   
25-05-2024,POLITE ENTER,SALE,UCFL 210,KHK,2.00,975.00,1950.00,N M SALES AG,, -   
25-05-2024,JAYCHENDRA BRG P LTD,2097,,IKO,1.00,13010.00,13010.00,GAUTTAM ENT.,, -   
25-05-2024,VARDHAMANRN ENTER.,SALE,CF 10 BUU,IKO,8.00,330.00,2640.00,GAUTTAM ENT.,, -   
27-05-2024,AMRIT ENTER.,SALE,UCFC 205,NTN,4.00,975.00,3900.00,VIRAJ ENT,, -   
27-05-2024,MITESH ENT.,SALE,UCF 211,TR,4.00,1425.00,5700.00,KUNJAN TRADING CORP,, -   
27-05-2024,JENIL INTERNATIONAL LLP,SALE,6203 ZZ,SKF,50.00,63.00,3150.00,N M SALES AG,, -   
28-05-2024,SONI JAIN BEARGS P LD,SALE,lmf 16 uu,SEMIK,3.00,650.00,1950.00,GAUTTAM ENT.,, -   
29-05-2024,PRECISION BEARING & ASS.,268,,MTC,1.00,482.00,481.50,N M SALES AG,, -   
29-05-2024,RAVI ABHAY TRADING CO,SALE,6203 ZZ,KG,100.00,27.00,2700.00,N M SALES AG,, -   
31-05-2024,SHREE JAY ENTER.,SALE,UCP 208,SKF,4.00,1229.00,4914.40,N M SALES AG,, -   
31-05-2024,AMRIT ENTER.,SALE,51309,NTN,4.00,1250.00,5000.00,VIRAJ ENT,75.00,300.00
31-05-2024,ATUL CORP,SALE,6005 ZZ,FAG,140.00,118.00,16520.00,N M SALES AG,, -   
31-05-2024,POLITE ENTER,SALE,UCFL 205,FKD,10.00,100.00,1000.00,N M SALES AG,, -   
31-05-2024,POLITE ENTER,SALE,UCT 205,CME,10.00,150.00,1500.00,N M SALES AG,, -   
31-05-2024,ANUPAM MARKETING P LTD,1298,UCF 208,SKF,4.00,1212.00,4846.10,N M SALES AG,, -   
01-06-2024,MITESH ENT.,SALE,ucf 213,TR,6.00,2150.00,12900.00,HARSH SALES CORP,, -   
01-06-2024,MITESH ENT.,SALE,ucp 213,TR,2.00,2150.00,4300.00,HARSH SALES CORP,, -   
03-06-2024,RAVI ABHAY TRADING CO,X,6004 ZZ,KG,100.00,30.00,3025.00,N M SALES AG,, -   
03-06-2024,RAVI ABHAY TRADING CO,X,6206 ZZ,KG,120.00,66.00,7974.00,N M SALES AG,, -   
03-06-2024,JAYCHENDRA BRG P LTD,2446,,IKO,1.00,1625.00,1625.00,GAUTTAM ENT.,, -   
04-06-2024,JAYCHENDRA BRG P LTD,SALE,RNA 6906,IKO,6.00,550.00,3300.00,HARSH SALES CORP,, -   
04-06-2024,GFB ENTERPRISE,SALE,6003 ZZ,SKF,8.00,139.00,1115.10,BHAVYA ENT.,, -   
04-06-2024,GFB ENTERPRISE,SALE,6004 ZZ,SKF,10.00,157.00,1568.80,BHAVYA ENT.,, -   
04-06-2024,JAYCHENDRA BRG P LTD,2506,,IKO,1.00,3300.00,3300.00,GAUTTAM ENT.,, -   
04-06-2024,JENIL INTERNATIONAL LLP,SALE,6006 ZZ,SKF,10.00,248.00,2484.00,BHAVYA ENT.,, -   
05-06-2024,AJMERA ENTERPRISE,SALE,81217,IKO,1.00,3900.00,3900.00,GAUTTAM ENT.,, -   
05-06-2024,SHREE ARIHANT IMPEX,SALE,6000 2RS,SKF,20.00,108.00,2150.80,N M SALES AG,, -   
05-06-2024,SHREE ARIHANT IMPEX,SALE,6204 ZZ,SKF,120.00,85.00,10200.00,N M SALES AG,2.00,240.00
05-06-2024,SHREE ARIHANT IMPEX,SALE,6208 ZZ,SKF,5.00,559.00,2795.60,N M SALES AG,, -   
05-06-2024,JMC TRADE CENTRE,X,LS 13,KKK,10.00,300.00,3000.00,N M SALES AG,, -   
05-06-2024,MADHU ENTER.,SALE,UC 207,FYH,3.00,615.00,1845.00,BHAVYA ENT.,, -   
05-06-2024,MADHU ENTER.,SALE,UC 210,FYH,12.00,925.00,11100.00,BHAVYA ENT.,, -   
05-06-2024,VARDHAMANRN ENTER.,SALE,NAST 15,IKO,10.00,400.00,4000.00,GAUTTAM ENT.,, -   
06-06-2024,POLITE ENTER,SALE,UCFL 205,GDK,10.00,100.00,1000.00,N M SALES AG,, -   
06-06-2024,POLITE ENTER,SALE,UCP 204,CME,20.00,90.00,1800.00,N M SALES AG,5.00,100.00
06-06-2024,PRECISION BEARING & ASS.,388,,MTC,1.00,876.00,876.00,N M SALES AG,, -   
07-06-2024,PRECISION BEARING & ASS.,SALE,,MTC,1.00,4624.00,4624.00,N M SALES AG,, -   
10-06-2024,VALLABH ENTERPRISE,SALE,6008 ZZ,SKF,10.00,440.00,4400.00,N M SALES AG,, -   
10-06-2024,GFB ENTERPRISE,SALE,22319,FAG,1.00,8540.00,8540.00,N M SALES AG,, -   
10-06-2024,GFB ENTERPRISE,SALE,6205 ZZ,FAG,90.00,97.00,8730.00,N M SALES AG,3.00,270.00
10-06-2024,POLITE ENTER,SALE,UCFL 206,KHK,4.00,440.00,1760.00,N M SALES AG,, -   
10-06-2024,GFB ENTERPRISE,SALE,6004 ZZ,SKF,182.00,98.00,17836.00,N M SALES AG,3.00,546.00
11-06-2024,SHREE ARIHANT IMPEX,1225,,SKF,1.00,4988.00,4988.00,N M SALES AG,, -   
11-06-2024,MITESH ENT.,SALE,UCF 213,TR,6.00,2150.00,12900.00,HARSH SALES CORP,, -   
11-06-2024,MITESH ENT.,SALE,UCP 213,TR,2.00,2150.00,4300.00,HARSH SALES CORP,, -   
12-06-2024,RAVI ABHAY TRADING CO,,6005 ZZ,BMT,25.00,37.00,925.00,N M SALES AG,, -   
12-06-2024,RAVI ABHAY TRADING CO,1114,,HCH,1.00,8849.00,8848.80,N M SALES AG,, -   
13-06-2024,AJMERA ENTERPRISE,SALE,BA 24/16,IKO,12.00,170.00,2040.00,GAUTTAM ENT.,, -   
14-06-2024,SHREE ARIHANT IMPEX,SALE,6204 ZZ,SKF,240.00,85.00,20400.00,N M SALES AG,2.00,480.00
14-06-2024,SHREE ARIHANT IMPEX,SALE,UCF 210,SKF,2.00,1597.00,3194.80,N M SALES AG,, -   
14-06-2024,SHREE ARIHANT IMPEX,SALE,UCP 208,SKF,4.00,1263.00,5052.90,N M SALES AG,, -   
14-06-2024,H D ENTERPRISE,SALE,UCCFL 204,NTN,20.00,, -   ,N M SALES AG,30.00,600.00
14-06-2024,RAVI ABHAY TRADING CO,1138,,KG,1.00,17325.00,17325.00,N M SALES AG,, -   
14-06-2024,JAYCHENDRA BRG P LTD,2901,,IKO,1.00,2100.00,2100.00,GAUTTAM ENT.,, -   
17-06-2024,SHREE ARIHANT IMPEX,SALE,6204 ZZ,SKF,120.00,87.00,10440.00,N M SALES AG,2.00,240.00
17-06-2024,GFB ENTERPRISE,SALE,6207 ZZ C3 BULK,FAG,110.00,195.00,21450.00,N M SALES AG,5.00,550.00
17-06-2024,PRECISION BEARING & ASS.,546,,MTC,1.00,2092.00,2092.00,N M SALES AG,, -   
18-06-2024,M/S ORIENT TRADERS,SALE,22211EK,SKF,1.00,3450.00,3450.00,N M SALES AG,, -   
18-06-2024,RNS BEARINGS,2256,,FAG,1.00,8629.00,8629.00,GAUTTAM ENT.,, -   
19-06-2024,AJMERA ENTERPRISE,SALE,HK 12/12,NTN,20.00,80.00,1600.00,GAUTTAM ENT.,, -   
19-06-2024,AJMERA ENTERPRISE,SALE,RNA 6904,NTN,12.00,590.00,7080.00,GAUTTAM ENT.,, -   
19-06-2024,SHREE JAY ENTER.,SALE,UCP 207,SKF,4.00,1041.00,4163.60,N M SALES AG,, -   
19-06-2024,RAVI ABHAY TRADING CO,SALE,6004 ZZ,KG,100.00,27.00,2700.00,N M SALES AG,, -   
19-06-2024,RNS BEARINGS,SALE,22315MBK W33,EDX,2.00,2115.00,4230.00,BHAVYA ENT.,, -   
19-06-2024,RNS BEARINGS,2306,,FAG,1.00,3425.00,3425.00,GAUTTAM ENT.,, -   
20-06-2024,JAYCHENDRA BRG P LTD,3101,,IKO,1.00,4860.00,4860.00,GAUTTAM ENT.,, -   
20-06-2024,JAYCHENDRA BRG P LTD,3110,,IKO,1.00,3675.00,3675.00,GAUTTAM ENT.,, -   
21-06-2024,M/S ORIENT TRADERS,SALE,22222 E,SKF,2.00,9950.00,19900.00,MANJIL ENTER.,, -   
21-06-2024,M/S ORIENT TRADERS,826,,SKF,1.00,4576.00,4576.00,N M SALES AG,, -   
21-06-2024,AKSHAY ENTER [MAHAVIR ENT.,1153,,SKF,1.00,5270.00,5270.20,N M SALES AG,, -   
21-06-2024,JAYCHENDRA BRG P LTD,3156,,IKO,1.00,2050.00,2050.00,GAUTTAM ENT.,, -   
21-06-2024,JENIL INTERNATIONAL LLP,1953,,SKF,1.00,799.00,799.00,BHAVYA ENT.,, -   
22-06-2024,JAYCHENDRA BRG P LTD,SALE,SUCF 206,ARNI,50.00,675.00,33750.00,BHAVYA ENT.,, -   
24-06-2024,DYZV BEARINGS LLP,SALE,21308,DYZV,1.00,1000.00,1000.00,N M SALES AG,100.00,100.00
24-06-2024,PRECISION BEARING & ASS.,657,,MTC,1.00,2663.00,2663.20,N M SALES AG,, -   
24-06-2024,RAVI ABHAY TRADING CO,SALE,6306 ZZ,KG,70.00,98.00,6860.00,N M SALES AG,, -   
24-06-2024,JAYCHENDRA BRG P LTD,3263,NAST 15,IKO,20.00,400.00,8000.00,GAUTTAM ENT.,, -   
25-06-2024,RAVI ABHAY TRADING CO,1293,6202 ZZ,KG,100.00,18.00,1750.00,N M SALES AG,, -   
25-06-2024,RAVI ABHAY TRADING CO,1293,6304 ZZ,KG,50.00,47.00,2350.00,N M SALES AG,, -   
25-06-2024,RAVI ABHAY TRADING CO,1293,6304 ZZ,KG,120.00,62.00,7440.00,N M SALES AG,, -   
25-06-2024,JENIL INTERNATIONAL LLP,SALE,6211 ZZ,SKF,3.00,629.00,1888.10,BHAVYA ENT.,, -   
25-06-2024,JENIL INTERNATIONAL LLP,SALE,6212 ZZ ,SKF,2.00,757.00,1513.60,BHAVYA ENT.,, -   
26-06-2024,DEEPAK C J,SALE,6912 ZZ,NTN,1.00,950.00,950.00,N M SALES AG,75.00,75.00
26-06-2024,T S ENTERPRISE,SALE,7004 P4,NSK,2.00,2900.00,5800.00,N M SALES AG,, -   
26-06-2024,M/S ORIENT TRADERS,SALE,UCP 212,SKF,2.00,2837.00,5673.20,N M SALES AG,, -   
26-06-2024,GFB ENTERPRISE,B2304,2202 ETN9 2RS,SKF,53.00,1405.00,74465.00,R K ENTER.,100.00,5300.00
26-06-2024,GFB ENTERPRISE,323,2202 ETN9 2RS,SKF,31.00,1405.00,43555.00,R K ENTER.,100.00,3100.00
27-06-2024,SHREE ARIHANT IMPEX,SALE,6204 ZZ,SKF,240.00,85.00,20400.00,N M SALES AG,2.00,480.00
27-06-2024,ANUPAM MARKETING P LTD,7579,2202 ETN9 2RS,SKF,15.00,1822.00,27325.80,R K ENTER.,63.92,958.80
29-06-2024,JAYCHENDRA BRG P LTD,3477,,IKO,1.00,2080.00,2080.00,GAUTTAM ENT.,, -   
01-07-2024,H D ENTERPRISE,SALE,UCF 210,NTN,2.00,, -   ,N M SALES AG,100.00,200.00
01-07-2024,RAVI ABHAY TRADING CO,SALE,6206 ZZ,KG,120.00,61.00,7320.00,N M SALES AG,, -   
01-07-2024,M/S ORIENT TRADERS,4,UCF 204,SKF,1.00,690.00,690.00,N M SALES AG,, -   
01-07-2024,M/S ORIENT TRADERS,4,UCF 213,SKF,18.00,3242.00,58348.10,N M SALES AG,, -   
03-07-2024,MITESH ENT.,SALE,UCF 212,TR,2.00,1950.00,3900.00,KUNJAN TRADING CORP,, -   
05-07-2024,VALLABH ENTERPRISE,SALE,6008 ZZ,SKF,8.00,435.00,3480.00,HARSH SALES CORP,, -   
05-07-2024,VALLABH ENTERPRISE,SALE,7209 BEP,SKF,2.00,1749.00,3498.00,N M SALES AG,, -   
06-07-2024,VALLABH ENTERPRISE,SALE,22212 E,SKF,4.00,3375.00,13500.00,N M SALES AG,150.00,600.00
06-07-2024,JAYCHENDRA BRG P LTD,3810,,IKO,1.00,780.00,780.00,GAUTTAM ENT.,, -   
08-07-2024,M/S ORIENT TRADERS,695,UCP 205,SKF,4.00,717.00,2866.20,N M SALES AG,24.00,96.00
08-07-2024,M/S ORIENT TRADERS,695,UCP 208,SKF,4.00,1253.00,5010.70,N M SALES AG,13.78,55.12
08-07-2024,M/S ORIENT TRADERS,SALE,6214 2rs,SKF,8.00,2193.00,17540.00,GAUTTAM ENT.,, -   
09-07-2024,ANIL TRADING CO,SALE,4218 B TVH,FAG,1.00,17000.00,17000.00,N M SALES AG,500.00,500.00
09-07-2024,HITESH-FAG,SALE,32218,FAG,1.00,2221.00,2221.00,N M SALES AG,44.00,44.00
09-07-2024,RAVI ABHAY TRADING CO,SALE,6201 ZZ,KG,60.00,17.00,1020.00,N M SALES AG,, -   
09-07-2024,RAVI ABHAY TRADING CO,SALE,6202 ZZ,KG,100.00,18.00,1800.00,N M SALES AG,, -   
09-07-2024,RAVI ABHAY TRADING CO,SALE,6305 ZZ,KG,30.00,69.00,2070.00,N M SALES AG,, -   
09-07-2024,JENIL INTERNATIONAL LLP,2481,,SKF,1.00,2916.00,2915.50,BHAVYA ENT.,, -   
09-07-2024,SHREE JAY ENTER.,SALE,UCF 206,SKF,3.00,920.00,2758.60,GAUTTAM ENT.,, -   
10-07-2024,AJMERA ENTERPRISE,SALE,NKX 50 T2Z,NTN,2.00,2325.00,4650.00,GAUTTAM ENT.,, -   
11-07-2024,VARDHAMANRN ENTER.,SALE,22214E,SKF,10.00,5815.00,58150.00,N M SALES AG,75.00,750.00
11-07-2024,RAVI ABHAY TRADING CO,SALE,6206 ZZ,SKF,120.00,61.00,7320.00,N M SALES AG,, -   
11-07-2024,BHAVYA ENTER.-MAHEH,SALE,1210 EKTN 9,SKF,2.00,1504.00,3008.40,N M SALES AG,, -   
12-07-2024,SANJAY ORIENT,SALE,2204 ETN9,SKF,4.00,1310.00,5240.00,N M SALES AG,22.10,88.40
12-07-2024,RAVI ABHAY TRADING CO,SALE,6004 ZZ,KG,100.00,27.00,2700.00,N M SALES AG,, -   
12-07-2024,RAVI ABHAY TRADING CO,SALE,6202  ZZ,KG,100.00,18.00,1750.00,N M SALES AG,, -   
12-07-2024,RAVI ABHAY TRADING CO,SALE,6206 ZZ,KG,120.00,61.00,7320.00,N M SALES AG,, -   
12-07-2024,R P IMPEX,SALE,2204 ETN9,SKF,2.00,1331.00,2661.10,N M SALES AG,23.76,47.52
12-07-2024,MUKUND BEARINGS,SALE,6306 2RS C3 ,SKF,5.00,396.00,1982.30,N M SALES AG,, -   
12-07-2024,MUKUND BEARINGS,SALE,6311 ZZ,SKF,2.00,1525.00,3050.90,N M SALES AG,, -   
13-07-2024,ANIL TRADING CO,SALE,NU 2215 tvp c3,fag,1.00,5500.00,5500.00,N M SALES AG,, -   
15-07-2024,JAYCHENDRA BRG P LTD,SALE,SUCF 206,ANI,25.00,675.00,16875.00,BHAVYA ENT.,, -   
15-07-2024,RNS BEARINGS,SALE,23134 MB W33,EDX,2.00,8740.00,17480.00,BHAVYA ENT.,, -   
16-07-2024,SHREE ARIHANT IMPEX,SALE,6204 ZZ,SKF,240.00,85.00,20400.00,N M SALES AG,2.00,480.00
16-07-2024,J INDUSTRIAL P LTD,5274,,JIC,1.00,1870.00,1870.00,N M SALES AG,, -   
17-07-2024,JMC TRADE CENTRE,SALE,HE 2310,HKG,50.00,103.00,5160.00,N M SALES AG,, -   
19-07-2024,GFB ENTERPRISE,SALE,6207 ZZ C3 BULK,FAG,45.00,195.00,8775.00,N M SALES AG,5.00,225.00
19-07-2024,H D ENTERPRISE,SALE,UCF 213,NTN,12.00,, -   ,N M SALES AG,200.00,2400.00
22-07-2024,RAVI ABHAY TRADING CO,SALE,6004 ZZ,KG,108.00,27.00,2916.00,N M SALES AG,, -   
23-07-2024,RAVI ABHAY TRADING CO,SALE,,KG,1.00,13030.00,13030.00,N M SALES AG,, -   
24-07-2024,MITESH ENT.,SALE,UCPH ,TR,2.00,450.00,900.00,N M SALES AG,, -   
24-07-2024,JENIL INTERNATIONAL LLP,SALE,6004 ZZ,SKF,182.00,98.00,17836.00,N M SALES AG,2.00,364.00
26-07-2024,CHETAN BEARING P LLP,SALE,NURT 25 A,INA,4.00,1600.00,6400.00,N M SALES AG,100.00,400.00
26-07-2024,POLITE ENTER,SALE,UCP 204,KHK,4.00,315.00,1260.00,N M SALES AG,, -   
26-07-2024,POLITE ENTER,SALE,UCP 209,BBZ,4.00,275.00,1100.00,N M SALES AG,, -   
26-07-2024,POLITE ENTER,SALE,UCP 210,CME,2.00,300.00,600.00,N M SALES AG,, -   
26-07-2024,RAVI ABHAY TRADING CO,SALE,6309 ZZ,KG,15.00,220.00,3300.00,N M SALES AG,, -   
26-07-2024,JENIL INTERNATIONAL LLP,3063,,SKF,1.00,8052.00,8052.00,N M SALES AG,, -   
27-07-2024,SHREE ARIHANT IMPEX,SALE,6204 ZZ,SKF,240.00,85.00,20400.00,N M SALES AG,2.00,480.00
27-07-2024,RAVI ABHAY TRADING CO,SALE,6004 ZZ,KG,100.00,27.00,2700.00,N M SALES AG,, -   
27-07-2024,RAVI ABHAY TRADING CO,SALE,6204 ZZ,KG,100.00,36.00,3600.00,N M SALES AG,, -   
29-07-2024,AJMERA ENTERPRISE,SALE,NA 6907,IKO,6.00,750.00,4500.00,GAUTTAM ENT.,, -   
29-07-2024,M/S ORIENT TRADERS,2408,UCP 210/UCFL 205,SKF,1.00,4548.00,4548.40,N M SALES AG,, -   
30-07-2024,PRECISION BEARING & ASS.,1395,,MTC,1.00,8935.00,8935.00,N M SALES AG,, -   
31-07-2024,RNS BEARINGS,SALE,21310,EDX,2.00,922.00,1844.00,BHAVYA ENT.,, -   
02-08-2024,J INDUSTRIAL P LTD,6225,,JIC,300.00,58.00,17325.00,N M SALES AG,, -   
02-08-2024,RAVI ABHAY TRADING CO,1831,,HCH,1.00,7118.00,7117.50,N M SALES AG,, -   
05-08-2024,AJMERA ENTERPRISE,SALE,81111,NTN,2.00,1275.00,2550.00,GAUTTAM ENT.,, -   
05-08-2024,SHREE ARIHANT IMPEX,2108,6209 ZZ ,SKF,1.00,605.00,605.10,KAINAAZ CARGO MOVE.P.LTD,39.00,39.00
05-08-2024,SHREE ARIHANT IMPEX,2108,6309 ZZ C3,SKF,1.00,1171.00,1170.60,KAINAAZ CARGO MOVE.P.LTD,75.00,75.00
05-08-2024,GFB ENTERPRISE,3352,6207 ZZ/C3,FAG,110.00,195.00,21450.00,N M SALES AG,5.00,550.00
05-08-2024,PRECISION BEARING & ASS.,1540,,MTC,1.00,9396.00,9396.00,N M SALES AG,, -   
05-08-2024,RAVI ABHAY TRADING CO,1169,,KG,1.00,11930.00,11930.00,N M SALES AG,, -   
05-08-2024,M/S ORIENT TRADERS,SALE,6214,SKF,2.00,1391.00,2782.00,GAUTTAM ENT.,, -   
05-08-2024,SHREE ARIHANT IMPEX,SALE,32307,SKF,1.00,850.00,850.00,BHAVYA ENT.,, -   
06-08-2024,LAXMINARAYAN & SONS,SALE,51104,FAG,2.00,315.00,630.00,GAUTTAM ENT.,, -   
06-08-2024,LAXMINARAYAN & SONS,SALE,51105,FAG,2.00,375.00,750.00,GAUTTAM ENT.,, -   
06-08-2024,LAXMINARAYAN & SONS,SALE,51108,FAG,1.00,575.00,575.00,GAUTTAM ENT.,, -   
07-08-2024,AJMERA ENTERPRISE,SALE,BA 18/16,IKO,10.00,135.00,1350.00,GAUTTAM ENT.,, -   
07-08-2024,AJMERA ENTERPRISE,SALE,BA 24/16,IKO,20.00,170.00,3400.00,GAUTTAM ENT.,, -   
07-08-2024,AJMERA ENTERPRISE,SALE,BA 26/20,IKO,5.00,200.00,1000.00,GAUTTAM ENT.,, -   
07-08-2024,AJMERA ENTERPRISE,SALE,BA 28/24,IKO,5.00,250.00,1250.00,GAUTTAM ENT.,, -   
07-08-2024,JAYCHENDRA BRG P LTD,4978,6905 ZZ,NSK,10.00,170.00,1700.00,VIRAJ ENT,, -   
07-08-2024,JENIL INTERNATIONAL LLP,3423,,SKF,1.00,5973.00,5973.00,VIRAJ ENT,, -   
08-08-2024,MUKUND BEARINGS,SALE,6203 ZZ,SKF,10.00,153.00,1529.00,N M SALES AG,, -   
08-08-2024,MUKUND BEARINGS,SALE,6205 ZZ,SKF,10.00,223.00,2227.50,N M SALES AG,, -   
08-08-2024,POLITE ENTER,SALE,UCF 211,CME,2.00,400.00,800.00,N M SALES AG,, -   
08-08-2024,POLITE ENTER,SALE,UCP 204,CME,15.00,90.00,1350.00,N M SALES AG,5.00,75.00
08-08-2024,MUKUND BEARINGS,SALE,6308 ZZ,SKF,4.00,610.00,2439.80,N M SALES AG,, -   
08-08-2024,JENIL INTERNATIONAL LLP,3461,,SKF,1.00,4411.00,4411.40,N M SALES AG,, -   
09-08-2024,SHREE ARIHANT IMPEX,SALE,6204 ZZ,SKF,240.00,85.00,20400.00,N M SALES AG,2.00,480.00
09-08-2024,JENIL INTERNATIONAL LLP,SALE,6003 zz,SKF,8.00,85.00,680.00,BHAVYA ENT.,, -   
10-08-2024,VALLABH ENTERPRISE,SALE,22217 E/C3,SKF,2.00,7000.00,14000.00,GAUTTAM ENT.,, -   
12-08-2024,JAYCHENDRA BRG P LTD,SALE,NATA 5905,IKO,1.00,775.00,775.00,GAUTTAM ENT.,, -   
12-08-2024,POLITE ENTER,SALE,UCP 210,CME,4.00,300.00,1200.00,N M SALES AG,, -   
12-08-2024,PRECISION BEARING & ASS.,1753,,MTC,1.00,4048.00,4048.00,N M SALES AG,, -   
13-08-2024,JENIL INTERNATIONAL LLP,SALE,6310,SKF,2.00,923.00,1845.60,MANJIL ENTER.,, -   
13-08-2024,JENIL INTERNATIONAL LLP,3613,,SKF,1.00,2079.00,2079.00,BHAVYA ENT.,, -   
16-08-2024,AJMERA ENTERPRISE,SALE,HF 12/16,ESK,4.00,160.00,640.00,GAUTTAM ENT.,, -   
16-08-2024,DYZV BEARINGS LLP,SALE,321311,DYZV,4.00,900.00,3600.00,BHAVYA ENT.,, -   
16-08-2024,JAYCHENDRA BRG P LTD,5330,,IKO,1.00,1080.00,1080.00,GAUTTAM ENT.,, -   
20-08-2024,RNS BEARINGS,SALE,22216K,EDX,2.00,1340.00,2680.00,BHAVYA ENT.,, -   
21-08-2024,ATUL CORP,SALE,6005 ZZ,FAG,161.00,118.00,18998.00,N M SALES AG,, -   
21-08-2024,GFB ENTERPRISE,SALE,6205 ZZ,FAG,216.00,94.00,20304.00,N M SALES AG,3.00,648.00
21-08-2024,POLITE ENTER,SALE,UCFL 203,CME,1.00,150.00,150.00,N M SALES AG,, -   
21-08-2024,PRECISION BEARING & ASS.,1997,,MTC,1.00,3448.00,3448.00,N M SALES AG,, -   
21-08-2024,RAVI ABHAY TRADING CO,SALE,6206 ZZ,KG,120.00,61.00,7320.00,N M SALES AG,, -   
22-08-2024,VALLABH ENTERPRISE,SALE,6008 ZZ,SKF,15.00,421.00,6315.00,N M SALES AG,9.00,135.00
22-08-2024,HITESH-FAG,SALE,7202 B2RSR,FAG,3.00,1800.00,5400.00,HARSH SALES CORP,75.00,225.00
22-08-2024,kunal-HIWIN,SALE,50 GRAM ,KULBER,1.00,1275.00,1275.00,HARSH SALES CORP,, -   
22-08-2024,M/S ORIENT TRADERS,SALE,7202 BEP,SKF,6.00,1000.00,6000.00,HARSH SALES CORP,, -   
23-08-2024,GFB ENTERPRISE,SALE,6207 ZZ C3 BULK,FAG,55.00,195.00,10725.00,N M SALES AG,5.00,275.00
23-08-2024,POLITE ENTER,SALE,UCT 205,BBZ,10.00,140.00,1400.00,N M SALES AG,10.00,100.00
24-08-2024,JAYCHENDRA BRG P LTD,5620,,IKO,1.00,11340.00,11340.00,GAUTTAM ENT.,, -   
26-08-2024,CHANDAN BEARING,2425,32026,NAM,2.00,1100.00,2200.00,N M SALES AG,, -   
26-08-2024,CHANDAN BEARING,2425,33022,NAM,2.00,1000.00,2000.00,N M SALES AG,, -   
26-08-2024,JENIL INTERNATIONAL LLP,3910,6305 ZZ,SKF,4.00,282.00,1126.40,N M SALES AG,, -   
29-08-2024,JAYCHENDRA BRG P LTD,5737,SUCF 206,ANI,11.00,675.00,7425.00,BHAVYA ENT.,, -   
29-08-2024,H D ENTERPRISE,SALE,UCP 208-24,CIU,10.00,385.00,3850.00,N M SALES AG,, -   
29-08-2024,MADHU ENTER.,SALE,UC 207,FYH,7.00,610.00,4270.00,BHAVYA ENT.,, -   
29-08-2024,MADHU ENTER.,SALE,UCP 313,FYH,1.00,6760.00,6760.00,BHAVYA ENT.,, -   
30-08-2024,SHREE ARIHANT IMPEX,2541,,SKF,1.00,4815.00,4815.00,VIRAJ ENT,, -   
30-08-2024,MUKUND BEARINGS,3785,,SKF,1.00,12833.00,12833.20,N M SALES AG,, -   
30-08-2024,DEEPAK C J,801,6904 ZZ,NTN,24.00,155.00,3720.00,N M SALES AG,, -   
30-08-2024,KOTHARI & CO,SALE,6207 ZZ C3 BULK,FAG,30.00,276.00,8276.40,N M SALES AG,, -   
30-08-2024,PRECISION BEARING & ASS.,2271,,MTC,1.00,1384.00,1384.00,N M SALES AG,, -   
02-09-2024,SHREE ARIHANT IMPEX,SALE,,SKF,1.00,3500.00,3499.80,N M SALES AG,, -   
02-09-2024,MAHAVIR SALES CORP,SALE,CSK 15 P,WOK,10.00,240.00,2400.00,N M SALES AG,, -   
02-09-2024,MAHAVIR SALES CORP,SALE,SI 40ES 2RS,SLH,5.00,1650.00,8250.00,N M SALES AG,, -   
02-09-2024,VARDHAMANRN ENTER.,SALE,NK 38/30,IKO,4.00,415.00,1660.00,GAUTTAM ENT.,, -   
03-09-2024,H D ENTERPRISE,SALE,UCF 216,DEV,2.00,1250.00,2500.00,N M SALES AG,, -   
03-09-2024,J INDUSTRIAL P LTD,7824,KM 6,JIC,100.00,58.00,5775.00,N M SALES AG,, -   
03-09-2024,RNS BEARINGS,4764,600 ZZ C3,FAG,10.00,48.00,480.00,N M SALES AG,, -   
03-09-2024,RNS BEARINGS,4764,6024 ZZ,FAG,2.00,5700.00,11400.00,N M SALES AG,250.00,500.00
03-09-2024,MADHU ENTER.,SALE,UC 206,FYH,12.00,520.00,6240.00,BHAVYA ENT.,, -   
04-09-2024,H D ENTERPRISE,SALE,UCF 213,NTN,4.00,, -   ,N M SALES AG,200.00,800.00
04-09-2024,PRECISION BEARING & ASS.,2420,,MTC,1.00,5338.00,5338.00,N M SALES AG,, -   
05-09-2024,AJMERA ENTERPRISE,SALE,RNA 5905,NTN,10.00,750.00,7500.00,GAUTTAM ENT.,, -   
05-09-2024,SHREE ARIHANT IMPEX,SALE,6204 ZZ,SKF,360.00,85.00,30600.00,N M SALES AG,2.00,720.00
05-09-2024,POLITE ENTER,SALE,UCP 207,KHK,4.00,575.00,2300.00,N M SALES AG,, -   
05-09-2024,RAVI ABHAY TRADING CO,2286,,KG,1.00,5000.00,5000.00,N M SALES AG,, -   
06-09-2024,JAYCHENDRA BRG P LTD,6077,,IKO,1.00,6900.00,6900.00,GAUTTAM ENT.,, -   
06-09-2024,SHREE ARIHANT IMPEX,2689,6204 ZZ,SKF,240.00,85.00,20400.00,N M SALES AG,2.00,480.00
06-09-2024,MAHAVIR SALES CORP,SALE,LM 10 UU,SLM,20.00,50.00,1000.00,N M SALES AG,, -   
06-09-2024,MAHAVIR SALES CORP,SALE,LM 8 UU,SLM,20.00,48.00,960.00,N M SALES AG,, -   
09-09-2024,AJMERA ENTERPRISE,SALE,CF 10 BUU,IKO,6.00,315.00,1890.00,GAUTTAM ENT.,, -   
09-09-2024,AJMERA ENTERPRISE,SALE,NK 55/25,IKO,1.00,450.00,450.00,GAUTTAM ENT.,, -   
09-09-2024,AJMERA ENTERPRISE,SALE,NKX 50 T2Z,NTN,1.00,2400.00,2400.00,GAUTTAM ENT.,, -   
09-09-2024,H D ENTERPRISE,SALE,UCF 210,NTN,4.00,, -   ,N M SALES AG,125.00,500.00
09-09-2024,PRECISION BEARING & ASS.,2524,,MTC,1.00,1162.00,1161.50,N M SALES AG,, -   
09-09-2024,VARDHAMANRN ENTER.,SALE,NK 55/35,IKO,6.00,575.00,3450.00,GAUTTAM ENT.,, -   
09-09-2024,VARDHAMANRN ENTER.,SALE,NKI 22/20,IKO,7.00,400.00,2800.00,GAUTTAM ENT.,, -   
11-09-2024,SHREE ARIHANT IMPEX,SALE,6004 zz,SKF,50.00,179.00,8960.00,R K ENTER.,6.40,320.00
11-09-2024,SHREE ARIHANT IMPEX,SALE,6204 ZZ,SKF,360.00,85.00,30600.00,N M SALES AG,2.00,720.00
11-09-2024,H D ENTERPRISE,SALE,UCFL 204,NTN,15.00,, -   ,R K ENTER.,30.00,450.00
11-09-2024,JENIL INTERNATIONAL LLP,4314,6205 ZZ,SKF,90.00,102.00,9180.00,N M SALES AG,3.00,270.00
12-09-2024,JAYCHENDRA BRG P LTD,6258,,,1.00,23500.00,23500.00,GAUTTAM ENT.,, -   
12-09-2024,KALPNA TRADERS-IMB,SALE,N 204,IMB,4.00,200.00,800.00,N M SALES AG,, -   
12-09-2024,KALPNA TRADERS-IMB,SALE,N 305,IMB,4.00,210.00,840.00,N M SALES AG,, -   
12-09-2024,MAHAVIR SALES CORP,SALE,LMK 10 UU,SLM,4.00,130.00,520.00,N M SALES AG,, -   
13-09-2024,M/S ORIENT TRADERS,SALE,LGHP 2.04,GRESS,62.00,939.00,58242.80,N M SALES AG,, -   
14-09-2024,DEEPAK C J,X,61901 ZZ,NTN,4.00,110.00,440.00,N M SALES AG,, -   
16-09-2024,SHREE ARIHANT IMPEX,2850,6008 ZZ/31309,SKF,1.00,4220.00,4220.00,VIRAJ ENT,, -   
16-09-2024,NEW AGE BEARING LLP,SALE,7202 B TVP,FAG,4.00,725.00,2900.00,GAUTTAM ENT.,, -   
16-09-2024,SHREE JAY ENTER.,SALE,UCFC 206,SKF,24.00,1502.00,36046.80,GAUTTAM ENT.,, -   
16-09-2024,SHREE JAY ENTER.,SALE,UCP 204,SKF,16.00,620.00,9918.90,GAUTTAM ENT.,, -   
16-09-2024,SHREE JAY ENTER.,SALE,UCT 205,SKF,24.00,1009.00,24213.60,GAUTTAM ENT.,, -   
18-09-2024,VALLABH ENTERPRISE,SALE,7206 BECBP,SKF,2.00,1291.00,2582.60,N M SALES AG,143.00,286.00
18-09-2024,PRECISION BEARING & ASS.,2771,,MTC,1.00,2714.00,2714.40,N M SALES AG,, -   
19-09-2024,MUKUND BEARINGS,SALE,6206 2RS/C3,SKF,5.00,380.00,1900.30,N M SALES AG,, -   
19-09-2024,MUKUND BEARINGS,SALE,6311 ZZ/C3,SKF,2.00,1423.00,2845.70,N M SALES AG,, -   
19-09-2024,MUKUND BEARINGS,SALE,6808 ZZ C3,SKF,5.00,448.00,2238.50,N M SALES AG,, -   
19-09-2024,POLITE ENTER,SALE,UCF 206,CHINA,4.00,140.00,560.00,VIRAJ ENT,25.00,100.00
19-09-2024,POLITE ENTER,SALE,UCFC207,CHINA,4.00,240.00,960.00,VIRAJ ENT,15.00,60.00
19-09-2024,POLITE ENTER,SALE,UCT 206,CHINA,4.00,185.00,740.00,VIRAJ ENT,10.00,40.00
20-09-2024,DEEPAK C J,SALE,6205 ZZ,CNZ,6.00,350.00,2100.00,GAUTTAM ENT.,, -   
21-09-2024,M/S ORIENT TRADERS,1778,LGHP 2R/5,SKF,1.00,9128.00,9128.00,SMEET ENT,, -   
21-09-2024,SHREE JAY ENTER.,SALE,UCP 216,SKF,1.00,6278.00,6278.30,GAUTTAM ENT.,, -   
23-09-2024,RAVI ABHAY TRADING CO,2528,,KG,1.00,12050.00,12050.00,N M SALES AG,, -   
23-09-2024,SANJAY ORIENT,SALE,NU 2313,NSK,1.00,4300.00,4300.00,VARDHMAN ENT.,, -   
23-09-2024,MADHU ENTER.,SALE,UCP 210,FYH,5.00,1450.00,7250.00,BHAVYA ENT.,, -   
23-09-2024,VALLABH ENTERPRISE,SALE,6009 ZZ,SKF,2.00,735.00,1470.00,BHAVYA ENT.,, -   
23-09-2024,VARDHAMANRN ENTER.,SALE,NA 4913,IKO,1.00,1225.00,1225.00,GAUTTAM ENT.,, -   
24-09-2024,H D ENTERPRISE,X,UCF 208,DEV,2.00,525.00,1050.00,N M SALES AG,0.00, -   
26-09-2024,M/S ORIENT TRADERS,SALE,UCF 205,SKF,16.00,734.00,11738.70,GAUTTAM ENT.,, -   
26-09-2024,RAVI ABHAY TRADING CO,SALE,6206 ZZ,KG,120.00,60.00,7200.00,N M SALES AG,, -   
26-09-2024,RAVI ABHAY TRADING CO,SALE,6208 ZZ,KG,25.00,107.00,2675.00,N M SALES AG,, -   
27-09-2024,ATUL CORP,SALE,23022,FAG,10.00,6540.00,65400.00,MANJIL ENTER.,, -   
28-09-2024,LAXMINARAYAN & SONS,SALE,3207 2RS,FAG,2.00,1900.00,3800.00,GAUTTAM ENT.,, -   
28-09-2024,M/S ORIENT TRADERS,SALE,UCFC 210,SKF,1.00,2197.00,2197.30,GAUTTAM ENT.,, -   
28-09-2024,J INDUSTRIAL P LTD,9219,,JIC,1.00,957.00,957.00,N M SALES AG,, -   
28-09-2024,PRECISION BEARING & ASS.,3082,,KG,1.00,3812.00,3812.00,N M SALES AG,, -   
28-09-2024,RAVI ABHAY TRADING CO,SALE,,KG,1.00,5050.00,5050.00,N M SALES AG,, -   
01-10-2024,SHREE ARIHANT IMPEX,SALE,UCP 207,SKF,4.00,1092.00,4368.00,N M SALES AG,, -   
01-10-2024,SHREE ARIHANT IMPEX,SALE,UCP 208,SKF,8.00,1289.00,10312.00,N M SALES AG,, -   
01-10-2024,ABHINANDAN BEARING,2479,6204 ZZ,SKF,240.00,85.00,20400.00,N M SALES AG,2.00,480.00
01-10-2024,SHREE ARIHANT IMPEX,SALE,UCP 208,SKF,6.00,1289.00,7734.00,GAUTTAM ENT.,, -   
03-10-2024,ATUL CORP,1699,32217,FAG,3.00,1569.00,4707.80,HARSH SALES CORP,, -   
03-10-2024,ATUL CORP,1699,32218,FAG,3.00,2354.00,7062.80,HARSH SALES CORP,, -   
03-10-2024,POLITE ENTER,SALE,UCP 207,CME,5.00,175.00,875.00,N M SALES AG,, -   
03-10-2024,POLITE ENTER,SALE,UCT 205,CME,15.00,140.00,2100.00,N M SALES AG,10.00,150.00
03-10-2024,SHREE ARIHANT IMPEX,SALE,6308 2RS C3,SKF,2.00,822.00,1643.20,BHAVYA ENT.,, -   
04-10-2024,JAYCHENDRA BRG P LTD,7170,,IKO,1.00,700.00,700.00,GAUTTAM ENT.,, -   
05-10-2024,RNS BEARINGS,SALE,22315 MBKW33,EDX,4.00,2250.00,9000.00,BHAVYA ENT.,67.50,270.00
07-10-2024,AKSHAT ENT,SALE,0-22,GEM,5.00,201.00,1005.00,N M SALES AG,17.00,85.00
07-10-2024,AKSHAT ENT,SALE,30310,JEC,2.00,280.00,560.00,N M SALES AG,20.00,40.00
07-10-2024,AKSHAT ENT,SALE,32211,JEC,6.00,180.00,1080.00,N M SALES AG,10.00,60.00
07-10-2024,AKSHAT ENT,SALE,501349/10,JEC,20.00,115.00,2300.00,N M SALES AG,10.00,200.00
07-10-2024,CIRCLIP ENNGINEERS,SALE,B 47,CIR-CLIP,500.00,3.00,1500.00,N M SALES AG,0.50,250.00
07-10-2024,CIRCLIP ENNGINEERS,SALE,B 80,CIR-CLIP,20.00,14.00,276.00,N M SALES AG,, -   
07-10-2024,SNEH ENTERPRISE-7705,SALE,6209 ZZ,KG,25.00,128.00,3200.00,N M SALES AG,, -   
07-10-2024,SNEH ENTERPRISE-7705,SALE,6305 ZZ,KG,40.00,68.00,2720.00,N M SALES AG,, -   
07-10-2024,GFB ENTERPRISE,5303,608 ZZ,SKF,30.00,79.00,2370.00,N M SALES AG,, -   
07-10-2024,GFB ENTERPRISE,SALE,607 2RS,SKF,20.00,145.00,2900.00,N M SALES AG,, -   
07-10-2024,GFB ENTERPRISE,SALE,608 2RS,SKF,20.00,100.00,2000.00,N M SALES AG,, -   
07-10-2024,ABHINANDAN BEARING,SALE,6204 ZZ,SKF,360.00,85.00,30600.00,N M SALES AG,2.00,720.00
08-10-2024,JAYCHENDRA BRG P LTD,7338,RNA 4913,IKO,3.00,1000.00,3000.00,GAUTTAM ENT.,, -   
08-10-2024,MADHU ENTER.,SALE,UC 210,FYH,6.00,925.00,5550.00,BHAVYA ENT.,, -   
08-10-2024,RAVI ABHAY TRADING CO,SALE,6206 ZZ,KG,120.00,60.00,7200.00,N M SALES AG,, -   
08-10-2024,MADHU ENTER.,SALE,UCF 210,FYH,2.00,1475.00,2950.00,BHAVYA ENT.,, -   
09-10-2024,JAYCHENDRA BRG P LTD,7411,,IKO,1.00,2700.00,2700.00,GAUTTAM ENT.,, -   
09-10-2024,M D INTER.,SALE,51305,FAG,4.00,550.00,2200.00,GAUTTAM ENT.,, -   
10-10-2024,JAYCHENDRA BRG P LTD,SALE,SUCF 206,ARNI,25.00,675.00,16875.00,BHAVYA ENT.,, -   
10-10-2024,M/S ORIENT TRADERS,SALE,UCFL 204,SKF,18.00,707.00,12723.80,GAUTTAM ENT.,, -   
10-10-2024,AKSHAT ENT,SALE,30209,JEC,20.00,135.00,2700.00,N M SALES AG,10.00,200.00
10-10-2024,AKSHAT ENT,SALE,12,GEM,22.00,74.00,1617.00,N M SALES AG,6.30,138.60
10-10-2024,J INDUSTRIAL P LTD,SALE,9823,J & J,1.00,2285.00,2285.10,N M SALES AG,, -   
10-10-2024,ABHINANDAN BEARING,SALE,6204 2RSC3,SKF,120.00,105.00,12600.00,N M SALES AG,5.00,600.00
14-10-2024,MADHU ENTER.,SALE,UC 210,FYH,12.00,920.00,11040.00,BHAVYA ENT.,, -   
14-10-2024,SNEH ENTERPRISE-7705,SALE,6003 ZZ,KG,100.00,21.00,2100.00,N M SALES AG,, -   
14-10-2024,SNEH ENTERPRISE-7705,SALE,6004 ZZ,KG,100.00,27.00,2700.00,N M SALES AG,, -   
14-10-2024,SNEH ENTERPRISE-7705,SALE,6006 ZZ,KG,10.00,43.00,430.00,N M SALES AG,, -   
14-10-2024,SNEH ENTERPRISE-7705,SALE,6202 ZZ,KG,100.00,18.00,1750.00,N M SALES AG,, -   
15-10-2024,JAYCHENDRA BRG P LTD,7610,,IKO,1.00,2125.00,2125.00,GAUTTAM ENT.,, -   
15-10-2024,POLITE ENTER,SALE,UCP 204,CME,20.00,88.00,1760.00,N M SALES AG,, -   
15-10-2024,POLITE ENTER,SALE,UCT 206,CME,5.00,180.00,900.00,N M SALES AG,, -   
16-10-2024,MITESH ENT.,SALE,UCF 212,TR,2.00,2150.00,4300.00,HARSH SALES CORP,, -   
16-10-2024,ABHINANDAN BEARING,SALE,6204 ZZ,SKF,120.00,85.00,10200.00,N M SALES AG,2.00,240.00
16-10-2024,ABHINANDAN BEARING,SALE,6305 ZZ,SKF,60.00,170.00,10200.00,N M SALES AG,2.00,120.00
17-10-2024,MADHU ENTER.,SALE,UC 208,FYH,6.00,760.00,4560.00,BHAVYA ENT.,, -   
17-10-2024,MADHU ENTER.,SALE,UCFL 206,FYH,4.00,815.00,3260.00,BHAVYA ENT.,10.00,40.00
17-10-2024,CIRCLIP ENNGINEERS,SALE,B 62,CIR-CLIP,,, -   ,N M SALES AG,, -   
17-10-2024,ABHINANDAN BEARING,SALE,6204 ZZ,SKF,240.00,85.00,20400.00,N M SALES AG,2.00,480.00
18-10-2024,PRECISION BEARING & ASS.,SALE,,,,, -   ,N M SALES AG,, -   
18-10-2024,VARDHAMANRN ENTER.,3008,,IKO,1.00,2140.00,2140.00,GAUTTAM ENT.,, -   
19-10-2024,AJMERA ENTERPRISE,SALE,CF 20 BUU,IKO,2.00,975.00,1950.00,GAUTTAM ENT.,, -   
21-10-2024,VARDHAMANRN ENTER.,3039,NKI 30/20,IKO,4.00,450.00,1800.00,GAUTTAM ENT.,, -   
22-10-2024,LAXMINARAYAN & SONS,SALE,30224,FAG,1.00,14000.00,14000.00,GAUTTAM ENT.,, -   
22-10-2024,AKSHAT ENT,2102,30209,JEC,15.00,135.00,2025.00,N M SALES AG,10.00,150.00
22-10-2024,AKSHAT ENT,2102,32010,JEC,4.00,170.00,680.00,N M SALES AG,10.00,40.00
22-10-2024,AKSHAT ENT,2102,32206,JEC,5.00,100.00,500.00,N M SALES AG,15.00,75.00
22-10-2024,AKSHAT ENT,2102,32207,JEC,10.00,120.00,1200.00,N M SALES AG,10.00,100.00
24-10-2024,ABHINANDAN BEARING,SALE,6204 ZZ,SKF,240.00,85.00,20400.00,N M SALES AG,2.00,480.00
25-10-2024,ABHINANDAN BEARING,2833,6204 2RSC3,SKF,6.00,105.00,630.00,BHAVYA ENT.,5.00,30.00
25-10-2024,ABHINANDAN BEARING,2833,6204 ZZ,SKF,6.00,88.00,528.00,BHAVYA ENT.,2.00,12.00
25-10-2024,J INDUSTRIAL P LTD,SALE,KM6,JIC,100.00,58.00,5775.00,N M SALES AG,, -   
25-10-2024,SNEH ENTERPRISE-7705,SALE,62001 2RS,HCH,100.00,30.00,3000.00,N M SALES AG,, -   
26-10-2024,AKSHAT ENT,SALE,30209,JEC,20.00,135.00,2700.00,N M SALES AG,10.00,200.00
26-10-2024,RAVI ABHAY TRADING CO,SALE,6003 ZZ,KG,200.00,21.00,4200.00,N M SALES AG,, -   
26-10-2024,RAVI ABHAY TRADING CO,SALE,6205 ZZ,KG,190.00,61.00,11590.00,N M SALES AG,, -   
26-10-2024,ABHINANDAN BEARING,SALE,6204 ZZ,SKF,480.00,85.00,40800.00,N M SALES AG,2.00,960.00
28-10-2024,JAYCHENDRA BRG P LTD,8175,NATR17 ZZ,IKO,20.00,485.00,9700.00,GAUTTAM ENT.,, -   
28-10-2024,GFB ENTERPRISE,SALE,6207 ZZ C3 BULK,FAG,55.00,195.00,10725.00,N M SALES AG,5.00,275.00
28-10-2024,RAVI ABHAY TRADING CO,SALE,6004 ZZ,KG,100.00,27.00,2700.00,N M SALES AG,, -   
28-10-2024,RAVI ABHAY TRADING CO,SALE,6202 ZZ,KG,100.00,18.00,1750.00,N M SALES AG,, -   
29-10-2024,ABHINANDAN BEARING,SALE,6204 ZZ,SKF,360.00,85.00,30600.00,N M SALES AG,2.00,720.00
04-11-2024,JAYCHENDRA BRG P LTD,8274,,IKO,1.00,6600.00,6600.00,GAUTTAM ENT.,, -   
05-11-2024,M/S ORIENT TRADERS,SALE,3204 A,SKF,3.00,981.00,2943.60,GAUTTAM ENT.,, -   
05-11-2024,M/S ORIENT TRADERS,SALE,33114,SKF,4.00,3851.00,15404.00,N M SALES AG,239.00,956.00
05-11-2024,M/S ORIENT TRADERS,SALE,2204 ETN9,SKF,6.00,1221.55,7329.30,N M SALES AG,, -   
06-11-2024,JAYCHENDRA BRG P LTD,SALE,SUCF 206,ANI,25.00,675.00,16875.00,BHAVYA ENT.,, -   
06-11-2024,JAYCHENDRA BRG P LTD,8343,NA 4902,IKO,6.00,300.00,1800.00,GAUTTAM ENT.,, -   
06-11-2024,POLITE ENTER,SALE,UCP 207,KHK,4.00,575.00,2300.00,N M SALES AG,, -   
06-11-2024,BHAVYA ENTER.-MAHEH,SALE,61834 C3,SKF,2.00,16236.00,32472.00,N M SALES AG,994.00,1988.00
06-11-2024,ABHINANDAN BEARING,SALE,6204 ZZ,SKF,360.00,85.00,30600.00,N M SALES AG,2.00,720.00
06-11-2024,SANJAY ORIENT,SALE,32015,SKF,2.00,2210.00,4420.00,GAUTTAM ENT.,, -   
06-11-2024,SANJAY ORIENT,SALE,2208 EK 2RS,SKF,3.00,2800.00,8400.00,GAUTTAM ENT.,, -   
07-11-2024,SANJAY ORIENT,SALE,63004 2RS,SKF,1.00,797.00,797.00,N M SALES AG,14.23,14.23
07-11-2024,SANJAY ORIENT,SALE,63006 2RS,SKF,1.00,1272.00,1272.00,N M SALES AG,22.71,22.71
07-11-2024,AKSHAT ENT,SALE,30209,JEC,20.00,135.00,2700.00,N M SALES AG,10.00,200.00
07-11-2024,AKSHAT ENT,SALE,0-14,GEM,36.00,86.45,3112.20,N M SALES AG,4.94,177.84
07-11-2024,DYZV BEARINGS LLP,SALE,2312,DYZV,2.00,1400.00,2800.00,HARSH SALES CORP,, -   
07-11-2024,DYZV BEARINGS LLP,SALE,2315,DYZV,4.00,2400.00,9600.00,HARSH SALES CORP,, -   
07-11-2024,J INDUSTRIAL P LTD,1137,1137,J & J,1.00,4861.15,4861.20,N M SALES AG,, -   
07-11-2024,J INDUSTRIAL P LTD,1130,sn 615,J & J,1.00,12210.00,12210.40,HARSH SALES CORP,, -   
07-11-2024,MITESH ENT.,SALE,UCF 210,TR,4.00,1150.00,4600.00,HARSH SALES CORP,, -   
07-11-2024,MITESH ENT.,SALE,UCT 210,TR,4.00,1300.00,5200.00,HARSH SALES CORP,, -   
08-11-2024,MITESH ENT.,4081,UCF 209,TR,2.00,975.00,1950.00,HARSH SALES CORP,, -   
11-11-2024,BEREWELL TRADERS LLP,SALE,RNA 5905,NTN,12.00,750.00,9000.00,GAUTTAM ENT.,, -   
11-11-2024,VARDHAMANRN ENTER.,SALE,22212 E,SKF,4.00,3200.00,12800.00,N M SALES AG,50.00,200.00
11-11-2024,VARDHAMANRN ENTER.,SALE,22214 E,SKF,8.00,5400.00,43200.00,N M SALES AG,100.00,800.00
11-11-2024,AMRIT ENTER.,SALE,UCT 217,ntn,2.00,8500.00,17000.00,N M SALES AG,, -   
11-11-2024,J INDUSTRIAL P LTD,11347,,J & J,1.00,3990.10,3990.10,N M SALES AG,, -   
11-11-2024,POLITE ENTER,SALE,UCP 205,KHK,10.00,325.00,3250.00,N M SALES AG,, -   
11-11-2024,POLITE ENTER,SALE,UCP 206,BBZ,15.00,140.00,2100.00,N M SALES AG,, -   
11-11-2024,RNS BEARINGS,SALE,22218 MBKW33 ,EDX,2.00,1659.00,3318.00,BHAVYA ENT.,, -   
11-11-2024,SHREE ARIHANT IMPEX,SALE,32307,SKF,2.00,850.00,1700.00,BHAVYA ENT.,, -   
12-11-2024,AJMERA ENTERPRISE,SALE,BA 18/16,IKO,10.00,150.00,1500.00,GAUTTAM ENT.,, -   
12-11-2024,AJMERA ENTERPRISE,SALE,BA 24/16,IKO,8.00,170.00,1360.00,GAUTTAM ENT.,, -   
12-11-2024,NIRALI ENTERPRISE,SALE,6002 2RS,CHL,100.00,27.00,2700.00,N M SALES AG,, -   
12-11-2024,NIRALI ENTERPRISE,SALE,607 2RS,CHL,200.00,16.75,3350.00,N M SALES AG,, -   
12-11-2024,NIRALI ENTERPRISE,SALE,608 2RS,CHL,420.00,16.25,6825.00,N M SALES AG,, -   
12-11-2024,NIRALI ENTERPRISE,SALE,609 2RS,CHL,50.00,20.00,1000.00,N M SALES AG,, -   
12-11-2024,NIRALI ENTERPRISE,SALE,62001 2RS,CHL,100.00,28.00,2800.00,N M SALES AG,, -   
12-11-2024,NIRALI ENTERPRISE,SALE,6201 2RS,CHL,100.00,25.00,2500.00,N M SALES AG,, -   
12-11-2024,NIRALI ENTERPRISE,SALE,6202 2RS,CHL,100.00,27.00,2700.00,N M SALES AG,, -   
12-11-2024,NIRALI ENTERPRISE,SALE,629 2RS,CHL,100.00,25.00,2500.00,N M SALES AG,, -   
12-11-2024,NIRALI ENTERPRISE,SALE,698 2RS,CHL,50.00,22.00,1100.00,N M SALES AG,, -   
13-11-2024,J INDUSTRIAL P LTD,11440,,J & J,1.00,2676.00,2676.00,N M SALES AG,, -   
13-11-2024,RAVI ABHAY TRADING CO,SALE,6004 ZZ,KG,100.00,27.00,2700.00,N M SALES AG,, -   
13-11-2024,RAVI ABHAY TRADING CO,SALE,6202 ZZ,KG,100.00,17.25,1725.00,N M SALES AG,, -   
13-11-2024,RAVI ABHAY TRADING CO,SALE,6211 ZZ,KG,10.00,165.00,1650.00,N M SALES AG,, -   
14-11-2024,KAMLESH BEARING CORP,SALE,CFS 5V,IKO,8.00,900.00,7200.00,GAUTTAM ENT.,50.00,400.00
14-11-2024,J INDUSTRIAL P LTD,11539,,J & J,1.00,2021.25,2021.30,N M SALES AG,, -   
14-11-2024,POLITE ENTER,SALE,UCP 204,BBZ,10.00,90.00,900.00,N M SALES AG,, -   
14-11-2024,POLITE ENTER,SALE,UCP 207,AMS,6.00,175.00,1050.00,N M SALES AG,, -   
14-11-2024,POLITE ENTER,SALE,UCP 209,JHR,4.00,275.00,1100.00,N M SALES AG,, -   
14-11-2024,POLITE ENTER,SALE,UCP 305,CME,25.00,105.00,2625.00,N M SALES AG,, -   
14-11-2024,POLITE ENTER,SALE,UCT 207,CME,2.00,240.00,480.00,N M SALES AG,, -   
16-11-2024,JENIL INTERNATIONAL LLP,5929,6307 ZZ,SKF,12.00,452.10,5425.20,VIRAJ ENT,, -   
18-11-2024,ABHINANDAN BEARING,SALE,6208 ZZ,SKF,4.00,295.00,1180.00,BHAVYA ENT.,, -   
18-11-2024,GFB ENTERPRISE,SALE,6206 ZZ,FAG,5.00,160.00,800.00,BHAVYA ENT.,, -   
18-11-2024,GFB ENTERPRISE,SALE,6202 ZZ,SKF,7.00,53.00,371.00,BHAVYA ENT.,, -   
18-11-2024,AKSHAT ENT,SALE,30206,JEC,10.00,100.00,1000.00,N M SALES AG,15.00,150.00
18-11-2024,AKSHAT ENT,SALE,30209,JEC,20.00,135.00,2700.00,N M SALES AG,10.00,200.00
18-11-2024,AKSHAT ENT,SALE,30306,JEC,10.00,135.00,1350.00,N M SALES AG,10.00,100.00
18-11-2024,AKSHAT ENT,SALE,32208,JEC,5.00,145.00,725.00,N M SALES AG,15.00,75.00
18-11-2024,AKSHAT ENT,SALE,3212 2,JEC,2.00,540.00,1080.00,N M SALES AG,50.00,100.00
18-11-2024,AKSHAT ENT,SALE,501349/10,JEC,25.00,115.00,2875.00,N M SALES AG,10.00,250.00
18-11-2024,JENIL INTERNATIONAL LLP,5929,6307 ZZ,SKF,12.00,452.10,5425.20,VIRAJ ENT,, -   
18-11-2024,SHREE ARIHANT IMPEX,SALE,6208 ZZ,SKF,4.00,447.70,1790.80,BHAVYA ENT.,, -   
19-11-2024,H D ENTERPRISE,SALE,UCF 320,CIU,1.00,6400.00,6400.00,KUNJAN TRADING CORP,, -   
19-11-2024,J INDUSTRIAL P LTD,SALE,H2322,J & J,,, -   ,KUNJAN TRADING CORP,, -   
19-11-2024,MITESH ENT.,SALE,UCF 208,TR,1.00,850.00,850.00,KUNJAN TRADING CORP,, -   
19-11-2024,MITESH ENT.,SALE,UCP 207,TR,1.00,710.00,710.00,KUNJAN TRADING CORP,, -   
21-11-2024,POLITE ENTER,SALE,UCP 206,AMS,5.00,140.00,700.00,N M SALES AG,, -   
21-11-2024,POLITE ENTER,SALE,UCP 208,AMS,3.00,215.00,645.00,N M SALES AG,, -   
21-11-2024,POLITE ENTER,SALE,UCP 210,AMS,2.00,300.00,600.00,N M SALES AG,, -   
21-11-2024,SNEH ENTERPRISE-7705,SALE,6205 ZZ,KG,190.00,40.00,7600.00,N M SALES AG,, -   
21-11-2024,GFB ENTERPRISE,SALE,6004 ZZ,SKF,180.00,97.00,17460.00,N M SALES AG,3.00,540.00
21-11-2024,ABHINANDAN BEARING,SALE,6204 ZZ,SKF,120.00,85.00,10200.00,N M SALES AG,2.00,240.00
21-11-2024,ABHINANDAN BEARING,SALE,6208 ZZ,SKF,12.00,290.00,3480.00,N M SALES AG,5.00,60.00
22-11-2024,ABHINANDAN BEARING,3168,6004 ZZ,SKF,10.00,100.00,1000.00,BHAVYA ENT.,, -   
22-11-2024,ABHINANDAN BEARING,3168,6005 ZZ,SKF,10.00,130.00,1300.00,BHAVYA ENT.,, -   
22-11-2024,ABHINANDAN BEARING,3168,6201 ZZ,SKF,10.00,49.00,490.00,BHAVYA ENT.,, -   
22-11-2024,ABHINANDAN BEARING,3168,6305 ZZ,SKF,4.00,170.00,680.00,BHAVYA ENT.,, -   
22-11-2024,MADHU ENTER.,735,UC 2065,FYH,12.00,430.00,5160.00,BHAVYA ENT.,, -   
22-11-2024,MADHU ENTER.,735,UC 210,FYH,10.00,920.00,9200.00,BHAVYA ENT.,, -   
22-11-2024,SANGHAVI BEARING CORP,2694,,SKF,1.00,5527.98,5528.00,N M SALES AG,, -   
23-11-2024,AJMERA ENTERPRISE,SALE,81116,NTN,2.00,2050.00,4100.00,GAUTTAM ENT.,, -   
23-11-2024,SANGHAVI BEARING CORP,SALE,6207,SKF,6.00,331.52,1989.10,VIRAJ ENT,, -   
25-11-2024,AJMERA ENTERPRISE,SALE,RNA 5905,NTN,12.00,750.00,9000.00,GAUTTAM ENT.,, -   
25-11-2024,CIRCLIP ENNGINEERS,SALE,B 47,CIR-CLIP,1000.00,3.00,3000.00,N M SALES AG,, -   
25-11-2024,CIRCLIP ENNGINEERS,SALE,B 52,CIR-CLIP,500.00,4.50,2250.00,N M SALES AG,0.75,375.00
25-11-2024,POLITE ENTER,SALE,UCF 206,AMS,5.00,135.00,675.00,N M SALES AG,, -   
25-11-2024,POLITE ENTER,SALE,UCF 208,BBZ,2.00,215.00,430.00,N M SALES AG,, -   
25-11-2024,POLITE ENTER,SALE,UCP 207,AMS,6.00,175.00,1050.00,N M SALES AG,, -   
25-11-2024,ABHINANDAN BEARING,SALE,6002 ZZ,SKF,48.00,73.00,3504.00,N M SALES AG,, -   
25-11-2024,ABHINANDAN BEARING,SALE,6204 ZZ,SKF,120.00,85.00,10200.00,N M SALES AG,2.00,240.00
25-11-2024,SHREE JAY ENTER.,SALE,UCP 210,SKF,4.00,2017.10,8068.40,GAUTTAM ENT.,, -   
26-11-2024,JAYCHENDRA BRG P LTD,9144,,IKO,1.00,2510.00,2510.00,GAUTTAM ENT.,, -   
27-11-2024,JAYCHENDRA BRG P LTD,9191,,IKO,1.00,2700.00,2700.00,GAUTTAM ENT.,, -   
27-11-2024,M/S ORIENT TRADERS,SALE,30217,SKF,2.00,4747.15,9494.30,N M SALES AG,, -   
27-11-2024,GFB ENTERPRISE,SALE,22215,FAG,1.00,3261.14,3261.10,N M SALES AG,, -   
27-11-2024,SNEH ENTERPRISE-7705,938,6209 ZZ,KG,85.00,128.00,10880.00,N M SALES AG,, -   
27-11-2024,SNEH ENTERPRISE-7705,938,6306 ZZ,KG,80.00,97.00,7760.00,N M SALES AG,, -   
28-11-2024,GFB ENTERPRISE,SALE,6207 ZZ C3 BULK,FAG,20.00,200.00,4000.00,N M SALES AG,, -   
28-11-2024,ABHINANDAN BEARING,SALE,6204 ZZ,SKF,120.00,85.00,10200.00,N M SALES AG,2.00,240.00
28-11-2024,SHREE ARIHANT IMPEX,SALE,UCF 214,SKF,2.00,4527.04,9054.10,GAUTTAM ENT.,, -   
28-11-2024,SHREE ARIHANT IMPEX,SALE,UCP 209,SKF,2.00,1663.33,3326.70,GAUTTAM ENT.,, -   
30-11-2024,SNEH ENTERPRISE-7705,SALE,6206 ZZ,KG,240.00,61.00,14640.00,N M SALES AG,, -   
30-11-2024,SNEH ENTERPRISE-7705,SALE,6206 ZZ,KG,120.00,61.00,7320.00,N M SALES AG,, -   
02-12-2024,M/S ORIENT TRADERS,SALE,UCFL 205,SKF,10.00,759.52,7595.20,GAUTTAM ENT.,, -   
02-12-2024,RAVI ABHAY TRADING CO,SALE,6004 ZZ,KG,100.00,27.50,2750.00,N M SALES AG,, -   
02-12-2024,RAVI ABHAY TRADING CO,SALE,6202 ZZ,KG,100.00,17.50,1750.00,N M SALES AG,, -   
02-12-2024,ABHINANDAN BEARING,SALE,6204 ZZ,SKF,240.00,85.00,20400.00,N M SALES AG,2.00,480.00
02-12-2024,SHREE ARIHANT IMPEX,SALE,UCP 209,SKF,4.00,1403.36,5613.40,GAUTTAM ENT.,, -   
02-12-2024,VARDHAMANRN ENTER.,3522,,IKO,1.00,1120.00,1120.00,GAUTTAM ENT.,, -   
03-12-2024,SHREE ARIHANT IMPEX,SALE,UCP 210,SKF,3.00,1727.80,5183.40,N M SALES AG,, -   
03-12-2024,AKSHAT ENT,SALE,30209,JEC,10.00,135.00,1350.00,N M SALES AG,10.00,100.00
03-12-2024,AKSHAT ENT,SALE,0-12,GEM,22.00,73.50,1617.00,N M SALES AG,4.20,92.40
03-12-2024,AKSHAT ENT,SALE,501349/10,JEC,20.00,115.00,2300.00,N M SALES AG,10.00,200.00
03-12-2024,ABHINANDAN BEARING,SALE,6204 ZZ,SKF,120.00,85.00,10200.00,N M SALES AG,2.00,240.00
03-12-2024,VARDHAMANRN ENTER.,3546,,IKO,1.00,2438.00,2438.00,GAUTTAM ENT.,, -   
04-12-2024,JAYCHENDRA BRG P LTD,9471,,IKO,1.00,13000.00,13000.00,GAUTTAM ENT.,, -   
04-12-2024,M/S ORIENT TRADERS,SALE,UCF 208,SKF,2.00,1186.28,2372.60,GAUTTAM ENT.,, -   
04-12-2024,SANJAY ORIENT,SALE,61821 2RS,SKF,5.00,10567.60,52838.00,N M SALES AG,364.40,1822.00
04-12-2024,MUKUND BEARINGS,SALE,30312,SKF,4.00,769.45,3077.80,MANJIL ENTER.,, -   
05-12-2024,RNS BEARINGS,8342,22314 K,EDX,2.00,2060.00,4120.00,BHAVYA ENT.,61.80,123.60
05-12-2024,M/S ORIENT TRADERS,357,22212E,SKF,2.00,3250.00,6500.00,N M SALES AG,50.00,100.00
05-12-2024,M/S ORIENT TRADERS,357,NJ 307 ecj,SKF,4.00,3744.58,14978.30,N M SALES AG,76.42,305.68
05-12-2024,M/S ORIENT TRADERS,357,NJ 308 ECP,SKF,2.00,2594.84,5189.70,N M SALES AG,52.84,105.68
06-12-2024,JAYCHENDRA BRG P LTD,SALE,BA 18/16,IKO,4.00,150.00,600.00,GAUTTAM ENT.,, -   
06-12-2024,JAYCHENDRA BRG P LTD,SALE,HK 25/20,IKO,4.00,150.00,600.00,GAUTTAM ENT.,, -   
06-12-2024,JAYCHENDRA BRG P LTD,SALE,HK 45/20,IKO,4.00,240.00,960.00,GAUTTAM ENT.,, -   
07-12-2024,JAYCHENDRA BRG P LTD,10000,,IKO,1.00,2990.00,2990.00,GAUTTAM ENT.,, -   
07-12-2024,J INDUSTRIAL P LTD,12661,,J & J,1.00,6012.00,6012.00,N M SALES AG,, -   
07-12-2024,POLITE ENTER,SALE,UC 211,AMS,3.00,225.00,675.00,N M SALES AG,, -   
07-12-2024,H D ENTERPRISE,SALE,UCF 320,CIU,1.00,6400.00,6400.00,KUNJAN TRADING CORP,, -   
07-12-2024,POLITE ENTER,SALE,UCP 205,CHINA,10.00,105.00,1050.00,N M SALES AG,, -   
07-12-2024,J INDUSTRIAL P LTD,SALE,H2322,J & J,,, -   ,KUNJAN TRADING CORP,, -   
07-12-2024,MITESH ENT.,SALE,UCF 208,TR,1.00,850.00,850.00,KUNJAN TRADING CORP,, -   
07-12-2024,MITESH ENT.,SALE,UCP 207,TR,1.00,710.00,710.00,KUNJAN TRADING CORP,, -   
07-12-2024,POLITE ENTER,SALE,UCP 208,CHINA,6.00,215.00,1290.00,N M SALES AG,, -   
09-12-2024,GFB ENTERPRISE,SALE,6305 ZZ,FAG,5.00,160.00,800.00,BHAVYA ENT.,, -   
09-12-2024,J INDUSTRIAL P LTD,12730,,J & J,1.00,3735.50,3735.50,N M SALES AG,, -   
09-12-2024,P  SAMIR & CO,11702,4202 CTRDULP3,RHP,2.00,8000.00,16000.00,N M SALES AG,250.00,500.00
09-12-2024,POLITE ENTER,SALE,UCP 208,CHINA,5.00,215.00,1075.00,N M SALES AG,, -   
09-12-2024,RAVI ABHAY TRADING CO,SALE,6004 ZZ,KG,200.00,26.50,5300.00,N M SALES AG,, -   
09-12-2024,RAVI ABHAY TRADING CO,SALE,6202 ZZ,KG,160.00,17.50,2800.00,N M SALES AG,, -   
09-12-2024,RAVI ABHAY TRADING CO,SALE,6201 ZZ,KG,40.00,17.00,680.00,N M SALES AG,, -   
09-12-2024,GFB ENTERPRISE,7064,6004 ZZ,SKF,182.00,96.00,17472.00,N M SALES AG,2.50,455.00
09-12-2024,ABHINANDAN BEARING,SALE,6204 ZZ,SKF,120.00,85.00,10200.00,N M SALES AG,2.00,240.00
10-12-2024,BHAVYA ENTER.-MAHEH,SALE,30310,SKF,1.00,2500.00,2500.00,BHAVYA ENT.,75.00,75.00
10-12-2024,JENIL INTERNATIONAL LLP,SALE,32308,SKF,1.00,793.20,793.20,BHAVYA ENT.,, -   
10-12-2024,JENIL INTERNATIONAL LLP,SALE,6306 ZZ-B,SKF,4.00,250.00,1000.00,BHAVYA ENT.,, -   
10-12-2024,CIRCLIP ENNGINEERS,SALE,B 47,CIR-CLIP,1500.00,3.00,4500.00,N M SALES AG,0.50,750.00
10-12-2024,J INDUSTRIAL P LTD,SALE,KM 06,JIC,100.00,57.75,5775.00,N M SALES AG,, -   
10-12-2024,ABHINANDAN BEARING,SALE,6204 ZZ,SKF,240.00,85.00,20400.00,N M SALES AG,2.00,480.00
11-12-2024,ATUL CORP,2181,,FAG,1.00,7055.84,7055.80,BHAVYA ENT.,, -   
11-12-2024,POLITE ENTER,X,SB 205,CME,5.00,100.00,500.00,BHAVYA ENT.,, -   
11-12-2024,AJAHARA ENT.,SALE,6006 ZZ,FAG,125.00,140.00,17500.00,N M SALES AG,, -   
11-12-2024,JAYCHENDRA BRG P LTD,9726,7018 CTYNSULP4,NSK,2.00,6000.00,12000.00,N M SALES AG,, -   
11-12-2024,JAYCHENDRA BRG P LTD,9726,7020 CTYNSULP4,NSK,3.00,7000.00,21000.00,N M SALES AG,, -   
11-12-2024,LAXMINARAYAN & SONS,SALE,51112,FAG,2.00,950.00,1900.00,N M SALES AG,, -   
12-12-2024,JAYCHENDRA BRG P LTD,9768,74 CTRDUL P3,RHP,2.00,7900.00,15800.00,N M SALES AG,100.00,200.00
12-12-2024,ABHINANDAN BEARING,3451,,SKF,1.00,9429.00,9429.00,N M SALES AG,, -   
13-12-2024,M/S ORIENT TRADERS,1199,7210 BECBP,SKF,4.00,2497.05,9988.20,N M SALES AG,166.47,665.88
13-12-2024,M/S ORIENT TRADERS,1199,NU 209 ECP,SKF,2.00,2626.65,5253.30,N M SALES AG,175.00,350.00
13-12-2024,AKSHAT ENT,SALE,30207,JEC,10.00,110.00,1100.00,N M SALES AG,10.00,100.00
13-12-2024,AKSHAT ENT,SALE,30209,JEC,20.00,135.00,2700.00,N M SALES AG,10.00,200.00
13-12-2024,AKSHAT ENT,SALE,32209,JEC,8.00,150.00,1200.00,N M SALES AG,10.00,80.00
13-12-2024,VARDHAMANRN ENTER.,3706,,,1.00,8250.00,8250.00,GAUTTAM ENT.,, -   
14-12-2024,VARDHAMANRN ENTER.,3722,NKI 35/30,IKO,10.00,600.00,6000.00,GAUTTAM ENT.,, -   
16-12-2024,J INDUSTRIAL P LTD,SALE,H 3028,J & J,2.00,, -   ,N M SALES AG,, -   
16-12-2024,VARDHAMANRN ENTER.,3741,,,1.00,8250.00,8250.00,GAUTTAM ENT.,, -   
17-12-2024,M/S ORIENT TRADERS,SALE,51206,SKF,2.00,937.00,1874.00,N M SALES AG,, -   
17-12-2024,CIRCLIP ENNGINEERS,SALE,B 47,CIR-CLIP,1000.00,3.00,3000.00,N M SALES AG,0.50,500.00
17-12-2024,CIRCLIP ENNGINEERS,SALE,SS B35,CIR-CLIP,10.00,12.50,125.00,N M SALES AG,1.25,12.50
17-12-2024,JAYCHENDRA BRG P LTD,SALE,7016 A5TYSULP4,NSK,2.00,6700.00,13400.00,N M SALES AG,100.00,200.00
17-12-2024,JAYCHENDRA BRG P LTD,SALE,7018 A5 TYSULP4,NSK,3.00,6500.00,19500.00,N M SALES AG,300.00,900.00
17-12-2024,RAVI ABHAY TRADING CO,SALE,6305 ZZ,KG,20.00,67.00,1340.00,N M SALES AG,, -   
17-12-2024,RAVI ABHAY TRADING CO,SALE,608 ZZ,KG,50.00,12.00,600.00,N M SALES AG,, -   
18-12-2024,MADHU ENTER.,SALE,UC 208,FYH,3.00,760.00,2280.00,BHAVYA ENT.,, -   
18-12-2024,SHREE ARIHANT IMPEX,4746,UCF210,SKF,8.00,1564.80,12518.40,N M SALES AG,, -   
18-12-2024,M/S ORIENT TRADERS,1744,UCF 210,SKF,4.00,1597.40,6389.60,N M SALES AG,, -   
18-12-2024,ATUL CORP,2244,623 ZZ,FAG,300.00,58.00,17400.00,N M SALES AG,3.00,900.00
18-12-2024,POLITE ENTER,SALE,UCP 206,CHINA,6.00,140.00,840.00,N M SALES AG,, -   
18-12-2024,POLITE ENTER,SALE,UCP 208,CHINA,3.00,215.00,645.00,N M SALES AG,, -   
18-12-2024,POLITE ENTER,SALE,UCP 210,CHINA,4.00,300.00,1200.00,N M SALES AG,, -   
18-12-2024,POLITE ENTER,SALE,UCP 213,CHINA,2.00,600.00,1200.00,N M SALES AG,, -   
18-12-2024,POLITE ENTER,SALE,UCP 214,CHINA,1.00,775.00,775.00,N M SALES AG,, -   
18-12-2024,SNEH ENTERPRISE-7705,SALE,6004 2RS,HCH,100.00,43.50,4350.00,N M SALES AG,, -   
18-12-2024,SNEH ENTERPRISE-7705,SALE,6001 2RS,HCH,66.00,24.00,1584.00,N M SALES AG,, -   
18-12-2024,SNEH ENTERPRISE-7705,SALE,6006 2RS,HCH,10.00,65.00,650.00,N M SALES AG,, -   
18-12-2024,BHAGIRATH TRADING CO,3655,UCT 210,SKF,4.00,2412.55,9650.20,N M SALES AG,, -   
19-12-2024,RNS BEARINGS,SALE,22318 MB W33,EDX,2.00,3600.00,7200.00,BHAVYA ENT.,108.00,216.00
19-12-2024,VARDHAMANRN ENTER.,SALE,22212 E,SKF,8.00,3165.00,25320.00,N M SALES AG,60.00,480.00
19-12-2024,MUKUND BEARINGS,7141/AE,6006 ZZ,SKF,16.00,243.80,3900.80,N M SALES AG,, -   
19-12-2024,J INDUSTRIAL P LTD,13296,,J & J,1.00,2178.00,2178.00,N M SALES AG,, -   
19-12-2024,BHAVYA ENTER.-MAHEH,3496,16006,SKF,32.00,415.00,13280.00,N M SALES AG,15.00,480.00
19-12-2024,DYZV BEARINGS LLP,SALE,22213 K,URB,4.00,1900.00,7600.00,KUNJAN TRADING CORP,, -   
19-12-2024,BHAVYA ENTER.-MAHEH,3496,6008 2RS,SKF,36.00,430.00,15480.00,N M SALES AG,, -   
19-12-2024,J INDUSTRIAL P LTD,SALE,SN 513,J & J,4.00,1143.00,4572.00,KUNJAN TRADING CORP,, -   
20-12-2024,NIRALI ENTERPRISE,SALE,6206 ZZ,KEWA,100.00,36.00,3600.00,N M SALES AG,1.00,100.00
20-12-2024,ABHINANDAN BEARING,SALE,6204 ZZ,SKF,240.00,85.00,20400.00,N M SALES AG,2.00,480.00
20-12-2024,SANJAY ORIENT,SALE,6908 ZZ,NSK,2.00,275.00,550.00,BHAVYA ENT.,, -   
23-12-2024,ABHINANDAN BEARING,SALE,6210 ZZ,SKF,10.00,440.00,4400.00,BHAVYA ENT.,5.00,50.00
23-12-2024,JAYCHENDRA BRG P LTD,10152,,IKO,1.00,8740.00,8740.00,GAUTTAM ENT.,, -   
23-12-2024,AKSHAT ENT,SALE,0-14,GEM,18.00,86.45,1556.10,N M SALES AG,4.94,88.92
23-12-2024,AKSHAT ENT,SALE,501349/10,JEC,20.00,115.00,2300.00,N M SALES AG,10.00,200.00
23-12-2024,J INDUSTRIAL P LTD,13451,,J & J,1.00,3532.50,3532.50,N M SALES AG,, -   
24-12-2024,BRG TRADERS I P LTD,SALE,5202 2RS,JAF,10.00,550.00,5500.00,GAUTTAM ENT.,, -   
24-12-2024,JENIL INTERNATIONAL LLP,7060,6206 ZZ,SKF,60.00,165.00,9900.00,N M SALES AG,3.00,180.00
24-12-2024,JENIL INTERNATIONAL LLP,7060,6205 ZZ,SKF,90.00,98.00,8820.00,N M SALES AG,3.00,270.00
24-12-2024,CIRCLIP ENNGINEERS,SALE,A 75,CIR-CLIP,100.00,13.25,1325.00,N M SALES AG,2.65,265.00
24-12-2024,CIRCLIP ENNGINEERS,SALE,B 62,CIR-CLIP,5.00,, -   ,N M SALES AG,, -   
24-12-2024,ABHINANDAN BEARING,3194,6204 ZZ,SKF,240.00,85.00,20400.00,N M SALES AG,2.00,480.00
24-12-2024,VARDHAMANRN ENTER.,SALE,TAFI 556025,IKO,50.00,735.00,36750.00,MANJIL ENTER.,, -   
25-12-2024,JAYCHENDRA BRG P LTD,10246,,IKO,1.00,2360.00,2360.00,GAUTTAM ENT.,, -   
25-12-2024,KALPNA TRADERS-IMB,SALE,809080,IMB,1.00,4000.00,4000.00,N M SALES AG,1000.00,1000.00
25-12-2024,POLITE ENTER,SALE,UCF 205,CHINA,5.00,100.00,500.00,N M SALES AG,, -   
25-12-2024,POLITE ENTER,SALE,UCPA 206,CHINA,5.00,200.00,1000.00,N M SALES AG,, -   
25-12-2024,POLITE ENTER,SALE,UCT 205,CHINA,5.00,140.00,700.00,N M SALES AG,10.00,50.00
25-12-2024,POLITE ENTER,SALE,UCT 206,CHINA,5.00,180.00,900.00,N M SALES AG,, -   
26-12-2024,SHREE JAY ENTER.,SALE,UCP 208,SKF,10.00,1237.44,12374.40,N M SALES AG,25.78,257.80
26-12-2024,VARDHAMANRN ENTER.,SALE,CF 20B,IKO,16.00,830.00,13280.00,N M SALES AG,35.00,560.00
27-12-2024,RAVI ABHAY TRADING CO,3609,6004 ZZ,KG,360.00,26.50,9540.00,N M SALES AG,0.50,180.00
27-12-2024,RAVI ABHAY TRADING CO,3609,6305 ZZ,KG,240.00,67.00,16080.00,N M SALES AG,1.00,240.00
28-12-2024,VARDHAMANRN ENTER.,4022,,IKO,1.00,1850.00,1850.00,GAUTTAM ENT.,, -   
30-12-2024,ABHINANDAN BEARING,3695,6203 ZZ,SKF,7.00,64.00,448.00,BHAVYA ENT.,, -   
30-12-2024,ABHINANDAN BEARING,3695,6205 ZZ,SKF,6.00,102.00,612.00,BHAVYA ENT.,, -   
30-12-2024,MADHU ENTER.,SALE,UC 205,FYH,12.00,430.00,5160.00,BHAVYA ENT.,, -   
30-12-2024,RAVI ABHAY TRADING CO,SALE,6208 ZZ,KG,30.00,105.00,3150.00,N M SALES AG,, -   
30-12-2024,SHREE JAY ENTER.,SALE,UCP 208,SKF,8.00,1211.66,9693.30,N M SALES AG,25.78,206.24
30-12-2024,J INDUSTRIAL P LTD,13187,,J & J,1.00,1996.00,1996.00,N M SALES AG,, -   
30-12-2024,RAVI ABHAY TRADING CO,SALE,6204 ZZ,KG,260.00,35.00,9100.00,N M SALES AG,, -   
30-12-2024,RAVI ABHAY TRADING CO,SALE,6202 ZZ,KG,100.00,17.50,1750.00,N M SALES AG,, -   
30-12-2024,ABHINANDAN BEARING,3704,6204 ZZ,SKF,240.00,85.00,20400.00,N M SALES AG,2.00,480.00
31-12-2024,JAYCHENDRA BRG P LTD,10464,,IKO,1.00,3440.00,3440.00,GAUTTAM ENT.,, -   
31-12-2024,SHREE JAY ENTER.,SALE,UCP 210,SKF,14.00,1597.40,22363.60,N M SALES AG,32.60,456.40
31-12-2024,SNEH ENTERPRISE-7705,SALE,6206 ZZ,KG,240.00,60.00,14400.00,N M SALES AG,1.00,240.00
31-12-2024,VARDHAMANRN ENTER.,SALE,22213 EK,SKF,2.00,4375.00,8750.00,VIRAJ ENT,125.00,250.00
31-12-2024,J INDUSTRIAL P LTD,X,H 313,J & J,2.00,133.00,266.00,VIRAJ ENT,, -   
01-01-2025,J INDUSTRIAL P LTD,13387,,J & J,1.00,2048.00,2048.00,N M SALES AG,, -   
01-01-2025,ABHINANDAN BEARING,10440,6204 ZZ,SKF,120.00,85.00,10200.00,N M SALES AG,2.00,240.00
01-01-2025,J INDUSTRIAL P LTD,SALE,,J & J,1.00,6486.10,6486.10,KUNJAN TRADING CORP,, -   
02-01-2025,ABHINANDAN BEARING,4026,,SKF,1.00,3412.00,3412.00,BHAVYA ENT.,, -   
02-01-2025,JAYCHENDRA BRG P LTD,SALE,SUCF 206,ARNI,36.00,675.00,24300.00,BHAVYA ENT.,, -   
02-01-2025,VALLABH ENTERPRISE,5269,22314 E,SKF,6.00,8900.00,53400.00,N M SALES AG,, -   
02-01-2025,M/S ORIENT TRADERS,100,LGHP 2/18,SKF,5.00,1959.88,9799.40,N M SALES AG,, -   
02-01-2025,M/S ORIENT TRADERS,100,22314 E,SKF,2.00,9000.00,18000.00,N M SALES AG,, -   
02-01-2025,M/S ORIENT TRADERS,100,LGHP 2/18,SKF,4.00,32324.24,129297.00,N M SALES AG,, -   
03-01-2025,GFB ENTERPRISE,7971,6004 ZZ,SKF,98.00,97.00,9506.00,N M SALES AG,2.00,196.00
03-01-2025,J INDUSTRIAL P LTD,14003,,J & J,1.00,6369.70,6369.70,N M SALES AG,, -   
03-01-2025,M/S ORIENT TRADERS,7847,BC 5,FEENER,1.00,5120.00,5120.00,N M SALES AG,160.00,160.00
03-01-2025,SANGAM ENTERPRISE,2617,,SMR,1.00,3950.52,3950.50,N M SALES AG,, -   
04-01-2025,JINERSH TRADING PROD.P LTD,SALE,23230 EJ/W33/C3,TIMKEN,1.00,25300.00,25300.00,N M SALES AG,, -   
04-01-2025,MITESH ENT.,SALE,UCF 212,TR,1.00,2150.00,2150.00,KUNJAN TRADING CORP,, -   
06-01-2025,BEREWELL TRADERS LLP,SALE,KX 50T2Z,NTN,5.00,2375.00,11875.00,GAUTTAM ENT.,, -   
06-01-2025,KALPNA TRADERS-IMB,5939,MS 8,IMB,6.00,175.00,1050.00,N M SALES AG,, -   
06-01-2025,KALPNA TRADERS-IMB,5939,N 204,IMB,6.00,200.00,1200.00,N M SALES AG,, -   
06-01-2025,JENIL INTERNATIONAL LLP,7496,,SKF,1.00,6039.00,6039.00,VIRAJ ENT,, -   
06-01-2025,SNEH ENTERPRISE-7705,1127,6205 ZZ,KG,190.00,40.00,7600.00,N M SALES AG,, -   
07-01-2025,ATUL CORP,SALE,6205 ZZ,FAG,24.00,112.00,2688.00,BHAVYA ENT.,, -   
07-01-2025,JAYCHENDRA BRG P LTD,10757,,IKO,1.00,1820.00,1820.00,GAUTTAM ENT.,, -   
07-01-2025,JAYCHENDRA BRG P LTD,10766,,IKO,1.00,750.00,750.00,GAUTTAM ENT.,, -   
07-01-2025,MADHU ENTER.,SALE,UC 208,FYH,6.00,750.00,4500.00,BHAVYA ENT.,, -   
07-01-2025,BHARTI BEARING CO,2353,14131/246,zbn,10.00,125.00,1250.00,N M SALES AG,, -   
07-01-2025,H D ENTERPRISE,SALE,UCP-24,CIU,21.00,375.00,7875.00,N M SALES AG,, -   
07-01-2025,J INDUSTRIAL P LTD,14189,,J & J,1.00,1491.20,1491.20,N M SALES AG,, -   
07-01-2025,POLITE ENTER,SALE,UCP 204,CHINA,10.00,90.00,900.00,N M SALES AG,, -   
07-01-2025,POLITE ENTER,SALE,UCP 205,CHINA,10.00,105.00,1050.00,N M SALES AG,, -   
07-01-2025,POLITE ENTER,SALE,UCT 205,CHINA,5.00,140.00,700.00,N M SALES AG,10.00,50.00
07-01-2025,PRECISION BEARING & ASS.,6736,HE230,HKG,1.00,2064.00,2064.00,N M SALES AG,, -   
08-01-2025,ABHINANDAN BEARING,SALE,6003 ZZ,SKF,8.00,78.00,624.00,BHAVYA ENT.,, -   
08-01-2025,ABHINANDAN BEARING,SALE,6308 ZZ,SKF,8.00,390.00,3120.00,BHAVYA ENT.,10.00,80.00
08-01-2025,AMRIT ENTER.,4594,UCF 207,NTN,4.00,1025.00,4100.00,BHAVYA ENT.,, -   
08-01-2025,AMRIT ENTER.,4594,UCP 206,NTN,4.00,975.00,3900.00,BHAVYA ENT.,, -   
08-01-2025,AMRIT ENTER.,4594,UCP 208,NTN,4.00,1400.00,5600.00,BHAVYA ENT.,, -   
08-01-2025,AMRIT ENTER.,4594,UCP 209,NTN,6.00,1375.00,8250.00,BHAVYA ENT.,, -   
08-01-2025,AKSHAT ENT,1025,30209,JEC,15.00,135.00,2025.00,N M SALES AG,10.00,150.00
08-01-2025,AKSHAT ENT,1025,32207,JEC,15.00,120.00,1800.00,N M SALES AG,10.00,150.00
08-01-2025,GFB ENTERPRISE,SALE,6207 ZZ B ,FAG,45.00,200.00,9000.00,N M SALES AG,4.00,180.00
08-01-2025,ABHINANDAN BEARING,SALE,6002 ZZ,SKF,100.00,69.00,6900.00,N M SALES AG,, -   
09-01-2025,DEEPAK C J,SALE,61972M,CNZ,1.00,14000.00,14000.00,GAUTTAM ENT.,, -   
09-01-2025,POLITE ENTER,SALE,UCP 208,AMS,18.00,215.00,3870.00,N M SALES AG,, -   
09-01-2025,RAVI ABHAY TRADING CO,SALE,6302 2RS,HCH,60.00,45.00,2700.00,N M SALES AG,, -   
10-01-2025,AKSHAT ENT,SALE,30209,JEC,10.00,135.00,1350.00,N M SALES AG,10.00,100.00
10-01-2025,AKSHAT ENT,SALE,32010,JEC,10.00,160.00,1600.00,N M SALES AG,20.00,200.00
10-01-2025,AKSHAT ENT,SALE,501349/10,JEC,15.00,115.00,1725.00,N M SALES AG,10.00,150.00
10-01-2025,POLITE ENTER,SALE,UCP 209,AMS,4.00,275.00,1100.00,N M SALES AG,, -   
10-01-2025,PRECISION BEARING & ASS.,6241,,HKG,1.00,1548.00,1548.00,N M SALES AG,, -   
10-01-2025,ABHINANDAN BEARING,SALE,6205 ZZ BULK,SKF,90.00,98.00,8820.00,N M SALES AG,3.00,270.00
10-01-2025,ABHINANDAN BEARING,SALE,6204 ZZ,SKF,120.00,85.00,10200.00,N M SALES AG,2.00,240.00
11-01-2025,RAVI ABHAY TRADING CO,SALE,5209 ZZ,KG,85.00,125.00,10625.00,N M SALES AG,, -   
11-01-2025,SNEH ENTERPRISE-7705,SALE,6205 zz,KG,380.00,40.00,15200.00,N M SALES AG,, -   
11-01-2025,AJAHARA ENT.,9020,,FAG,1.00,3759.50,3759.50,KUNJAN TRADING CORP,, -   
13-01-2025,AMRIT ENTER.,SALE,UCP 206,NTN,14.00,975.00,13650.00,BHAVYA ENT.,, -   
13-01-2025,DYZV BEARINGS LLP,SALE,2213,DYZV,2.00,775.00,1550.00,KUNJAN TRADING CORP,, -   
13-01-2025,J INDUSTRIAL P LTD,SALE,SN 513,J & J,2.00,, -   ,KUNJAN TRADING CORP,, -   
14-01-2025,MADHU ENTER.,SALE,UCP 209,FYH,2.00,1235.00,2470.00,BHAVYA ENT.,, -   
14-01-2025,SANJAY ORIENT,2453,33208,SKF,6.00,1736.00,10416.00,N M SALES AG,104.00,624.00
14-01-2025,AKSHAT ENT,2979,30209,JEC,10.00,135.00,1350.00,N M SALES AG,10.00,100.00
14-01-2025,AKSHAT ENT,2979,32209,JEC,10.00,150.00,1500.00,N M SALES AG,15.00,150.00
15-01-2025,RAVI ABHAY TRADING CO,SALE,6004 ZZ,KG,100.00,26.50,2650.00,N M SALES AG,, -   
15-01-2025,SNEH ENTERPRISE-7705,SALE,6206 ZZ,KG,120.00,60.50,7260.00,N M SALES AG,0.50,60.00
15-01-2025,AJAHARA ENT.,SALE,32217,FAG,2.00,1538.50,3077.00,KUNJAN TRADING CORP,, -   
15-01-2025,AJAHARA ENT.,SALE,32218,FAG,2.00,2309.84,4619.70,KUNJAN TRADING CORP,, -   
18-01-2025,POLITE ENTER,SALE,UCF 206,BBZ,5.00,135.00,675.00,N M SALES AG,, -   
18-01-2025,POLITE ENTER,SALE,UCFL 205,CHINA,5.00,98.00,490.00,N M SALES AG,, -   
18-01-2025,POLITE ENTER,SALE,UCP 204,CHINA,10.00,88.00,880.00,N M SALES AG,, -   
18-01-2025,POLITE ENTER,SALE,UCP 205,CHINA,10.00,103.00,1030.00,N M SALES AG,, -   
18-01-2025,POLITE ENTER,SALE,UCP 210,CHINA,2.00,300.00,600.00,N M SALES AG,, -   
18-01-2025,POLITE ENTER,SALE,UCP 213,CHINA,1.00,600.00,600.00,N M SALES AG,, -   
18-01-2025,POLITE ENTER,SALE,UCT 205,CHINA,5.00,140.00,700.00,N M SALES AG,10.00,50.00
18-01-2025,POLITE ENTER,SALE,UCT 206,JHR,5.00,180.00,900.00,N M SALES AG,, -   
20-01-2025,ABHINANDAN BEARING,SALE,6006 ZZ,SKF,12.00,170.00,2040.00,BHAVYA ENT.,, -   
20-01-2025,RAVI ABHAY TRADING CO,SALE,6202 zz,KG,100.00,17.50,1750.00,N M SALES AG,, -   
20-01-2025,RAVI ABHAY TRADING CO,SALE,6004 zz,KG,100.00,26.50,2650.00,N M SALES AG,, -   
21-01-2025,M D INTER.,SALE,51305,FAG,2.00,550.00,1100.00,GAUTTAM ENT.,, -   
21-01-2025,M/S ORIENT TRADERS,SALE,607 2RS,SKF,20.00,145.00,2900.00,N M SALES AG,, -   
21-01-2025,ANUPAM MARKETING P LTD,SALE,608 2RS,SKF,20.00,85.00,1700.00,N M SALES AG,, -   
21-01-2025,SNEH ENTERPRISE-7705,SALE,6206 ZZ,KG,120.00,60.50,7260.00,N M SALES AG,0.50,60.00
23-01-2025,MADHU ENTER.,SALE,UCP 210,FYH,6.00,1465.00,8790.00,BHAVYA ENT.,, -   
24-01-2025,JAYCHENDRA BRG P LTD,11406,,IKO,1.00,3700.00,3700.00,GAUTTAM ENT.,, -   
24-01-2025,TARUSH BEARING -HITESH GANDHI,SALE,6221/ C3,SKF,1.00,7801.00,7801.00,N M SALES AG,624.00,624.00
24-01-2025,TARUSH BEARING -HITESH GANDHI,SALE,NU 221 ECJ,SKF,1.00,20604.78,20604.80,N M SALES AG,763.14,763.14
24-01-2025,M/S ORIENT TRADERS,SALE,6221/ C3,SKF,2.00,7957.02,15914.00,N M SALES AG,468.00,936.00
24-01-2025,J INDUSTRIAL P LTD,15076,,J & J,1.00,8978.80,8978.80,N M SALES AG,, -   
24-01-2025,SNEH ENTERPRISE-7705,SALE,62001 2RS,HCH,100.00,30.50,3050.00,N M SALES AG,, -   
24-01-2025,SNEH ENTERPRISE-7705,SALE,6203 ZZ,KG,60.00,26.50,1590.00,N M SALES AG,, -   
27-01-2025,CIRCLIP ENNGINEERS,1598,B 47,CIR-CLIP,1000.00,3.00,3000.00,N M SALES AG,0.50,500.00
27-01-2025,CIRCLIP ENNGINEERS,1598,B 52,CIR-CLIP,500.00,4.50,2250.00,N M SALES AG,0.75,375.00
27-01-2025,CIRCLIP ENNGINEERS,1598,A 75,CIR-CLIP,200.00,13.25,2650.00,N M SALES AG,2.65,530.00
27-01-2025,SNEH ENTERPRISE-7705,SALE,6005 ZZ,KG,40.00,34.50,1380.00,N M SALES AG,, -   
27-01-2025,SNEH ENTERPRISE-7705,SALE,6203 ZZ,KG,40.00,26.50,1060.00,N M SALES AG,, -   
27-01-2025,SNEH ENTERPRISE-7705,SALE,6209 ZZ,KG,20.00,128.00,2560.00,N M SALES AG,, -   
27-01-2025,ABHINANDAN BEARING,SALE,6002 ZZ,SKF,54.00,69.00,3726.00,N M SALES AG,, -   
27-01-2025,ABHINANDAN BEARING,SALE,6204 ZZ,SKF,120.00,85.00,10200.00,N M SALES AG,2.00,240.00
28-01-2025,AJAHARA ENT.,SALE,CF 8 BR,IKO,4.00,250.00,1000.00,N M SALES AG,, -   
28-01-2025,SNEH ENTERPRISE-7705,SALE,6204 ZZ,KG,220.00,35.00,7700.00,N M SALES AG,, -   
28-01-2025,GFB ENTERPRISE,SALE,6014 ZZ,FAG,2.00,809.75,1619.50,VARDHMAN ENT.,, -   
31-01-2025,J INDUSTRIAL P LTD,15462,,J & J,1.00,8835.90,8835.90,N M SALES AG,, -   
31-01-2025,POLITE ENTER,SALE,UCFL 205,CHINA,5.00,100.00,500.00,N M SALES AG,, -   
31-01-2025,POLITE ENTER,SALE,UCP 213,CHINA,1.00,600.00,600.00,N M SALES AG,, -   
31-01-2025,POLITE ENTER,SALE,UCPC 206,CHINA,10.00,200.00,2000.00,N M SALES AG,, -   
31-01-2025,POLITE ENTER,SALE,UCT 206,CHINA,5.00,1800.00,9000.00,N M SALES AG,, -   
31-01-2025,ABHINANDAN BEARING,SALE,6204 ZZ,SKF,240.00,85.00,20400.00,N M SALES AG,2.00,480.00
01-02-2025,ABHINANDAN BEARING,SALE,6206 ZZ,SKF,12.00,167.00,2004.00,BHAVYA ENT.,3.00,36.00
01-02-2025,ABHINANDAN BEARING,4200,6204 ZZ,SKF,360.00,85.00,30600.00,N M SALES AG,2.00,720.00
03-02-2025,SNEH ENTERPRISE-7705,SALE,6200 2RS,HCH,624.00,27.00,16848.00,N M SALES AG,, -   
04-02-2025,SNEH ENTERPRISE-7705,1298,609 2RS,HCH,75.00,19.00,1425.00,N M SALES AG,, -   
05-02-2025,AKSHAT ENT,3262,501349/10,JEC,30.00,115.00,3450.00,N M SALES AG,10.00,300.00
05-02-2025,AKSHAT ENT,3262,LS 12,JEC,9.00,120.00,1080.00,N M SALES AG,10.00,90.00
05-02-2025,BHAVYA ENTER.-MAHEH,SALE,ALS 8,RHP,2.00,2500.00,5000.00,N M SALES AG,250.00,500.00
05-02-2025,MUKUND BEARINGS,5638,6406,NBC,12.00,438.17,5258.00,N M SALES AG,, -   
05-02-2025,SNEH ENTERPRISE-7705,1312,,KG,1.00,11740.00,11740.00,N M SALES AG,60.00,60.00
06-02-2025,AJAHARA ENT.,10025,,FAG,1.00,8054.76,8054.80,BHAVYA ENT.,, -   
06-02-2025,JAYCHENDRA BRG P LTD,11874,,IKO,1.00,325.00,325.00,GAUTTAM ENT.,, -   
06-02-2025,ASHOKA BEARING ENT,10806,LGHP 7R/04,SKF,62.00,985.60,61107.20,N M SALES AG,, -   
06-02-2025,AKSHAT ENT,3279,30209,JEC,15.00,125.00,1875.00,N M SALES AG,10.00,150.00
06-02-2025,AKSHAT ENT,379,0-14,GEM,36.00,86.45,3112.20,N M SALES AG,7.40,266.40
06-02-2025,AKSHAT ENT,3279,501349/10,JEC,15.00,115.00,1725.00,N M SALES AG,10.00,150.00
06-02-2025,POLITE ENTER,SALE,UCP 204,JHR,10.00,90.00,900.00,N M SALES AG,, -   
06-02-2025,POLITE ENTER,SALE,UCP 207,JHR,4.00,175.00,700.00,N M SALES AG,, -   
06-02-2025,POLITE ENTER,SALE,UCP 208,JHR,10.00,275.00,2750.00,N M SALES AG,, -   
06-02-2025,POLITE ENTER,SALE,UCP 209,JHR,4.00,215.00,860.00,N M SALES AG,, -   
06-02-2025,SNEH ENTERPRISE-7705,1319,6202 ZZ,KG,100.00,17.50,1750.00,N M SALES AG,, -   
06-02-2025,SNEH ENTERPRISE-7705,1319,6206 ZZ,KG,240.00,60.00,14400.00,N M SALES AG,0.50,120.00
06-02-2025,ABHINANDAN BEARING,4267,6204 ZZ,SKF,240.00,85.00,20400.00,N M SALES AG,2.00,480.00
06-02-2025,ABHINANDAN BEARING,4267,6004 ZZ,SKF,182.00,97.00,17654.00,N M SALES AG,3.00,546.00
07-02-2025,JAYCHENDRA BRG P LTD,11910,,IKO,1.00,2740.00,2740.00,GAUTTAM ENT.,, -   
07-02-2025,SANJAY ORIENT,SALE,51108,SKF,2.00,776.00,1552.00,N M SALES AG,, -   
07-02-2025,ATUL CORP,2645,6207 ZZ B ,FAG,45.00,215.00,9675.00,N M SALES AG,, -   
07-02-2025,J INDUSTRIAL P LTD,1585,,J & J,1.00,6470.00,6470.00,N M SALES AG,, -   
10-02-2025,ABHINANDAN BEARING,4320,6205 ZZ BULK,SKF,5.00,105.00,525.00,BHAVYA ENT.,, -   
10-02-2025,ABHINANDAN BEARING,4320,6210 ZZ,SKF,12.00,440.00,5280.00,BHAVYA ENT.,, -   
10-02-2025,JAYCHENDRA BRG P LTD,SALE,SUCF 206,ARNI,36.00,675.00,24300.00,BHAVYA ENT.,, -   
10-02-2025,MADHU ENTER.,1024,UCFL 205,FYH,3.00,610.00,1830.00,BHAVYA ENT.,, -   
10-02-2025,ANIL TRADING CO,2690,4218,FAG,1.00,16000.00,16000.00,N M SALES AG,, -   
10-02-2025,ABHINANDAN BEARING,4320,6204 ZZ,SKF,360.00,85.00,30600.00,N M SALES AG,2.00,720.00
13-02-2025,MADHU ENTER.,1024,UC 205,FYH,12.00,430.00,5160.00,BHAVYA ENT.,, -   
13-02-2025,M/S ORIENT TRADERS,1162,51109/NU 2206,SKF,1.00,5733.66,5733.70,N M SALES AG,, -   
14-02-2025,JAYCHENDRA BRG P LTD,12157,,IKO,1.00,17640.00,17640.00,GAUTTAM ENT.,, -   
14-02-2025,CIRCLIP ENNGINEERS,SALE,B 47,CIR-CLIP,2000.00,3.00,6000.00,N M SALES AG,0.50,1000.00
14-02-2025,POLITE ENTER,SALE,UCP 204,CME,30.00,88.00,2640.00,N M SALES AG,, -   
14-02-2025,ABHINANDAN BEARING,4382,6204 ZZ,SKF,360.00,85.00,30600.00,N M SALES AG,2.00,720.00
15-02-2025,J INDUSTRIAL P LTD,16267,,J & J,1.00,4175.00,4175.00,N M SALES AG,, -   
15-02-2025,SNEH ENTERPRISE-7705,SALE,6206 ZZ,KG,120.00,60.00,7200.00,N M SALES AG,0.50,60.00
15-02-2025,SNEH ENTERPRISE-7705,SALE,6207 ZZ ',KG,24.00,84.00,2016.00,N M SALES AG,, -   
15-02-2025,POLITE ENTER,SALE,UCF 206,CME,6.00,140.00,840.00,VIRAJ ENT,10.00,60.00
15-02-2025,POLITE ENTER,SALE,UCT 206,CME,6.00,180.00,1080.00,VIRAJ ENT,10.00,60.00
15-02-2025,SNEH ENTERPRISE-7705,SALE,6208 ZZ,KG,40.00,107.00,4280.00,N M SALES AG,, -   
15-02-2025,SNEH ENTERPRISE-7705,SALE,6209 ZZ,KG,54.00,125.00,6750.00,N M SALES AG,, -   
15-02-2025,SNEH ENTERPRISE-7705,SALE,6305 ZZ,KG,30.00,67.00,2010.00,N M SALES AG,, -   
16-02-2025,BEREWELL TRADERS LLP,SALE,NA 6905,NTN,4.00,850.00,3400.00,GAUTTAM ENT.,, -   
16-02-2025,J INDUSTRIAL P LTD,16355,,J & J,1.00,41702.04,41702.00,KUNJAN TRADING CORP,, -   
16-02-2025,J INDUSTRIAL P LTD,16311,,J & J,1.00,1260.00,1260.00,VIRAJ ENT,, -   
16-02-2025,J INDUSTRIAL P LTD,16333,,J & J,1.00,1377.00,1377.00,VIRAJ ENT,, -   
16-02-2025,RAMESH BEARING ENT,SALE,22318 K,URB,12.00,6850.00,82200.00,KUNJAN TRADING CORP,, -   
18-02-2025,ANUPAM MARKETING P LTD,SALE,NU 319 ECJ,SKF,1.00,15834.52,15834.50,GAUTTAM ENT.,, -   
18-02-2025,AJAHARA ENT.,10428,22222EK-XL,FAG,2.00,7986.80,15973.60,N M SALES AG,399.34,798.68
18-02-2025,J INDUSTRIAL P LTD,16380,,J & J,1.00,8179.76,8179.80,N M SALES AG,, -   
18-02-2025,J INDUSTRIAL P LTD,16393,,J & J,1.00,610.20,610.20,VIRAJ ENT,, -   
18-02-2025,ABHINANDAN BEARING,4444,6204 ZZ,SKF,600.00,85.00,51000.00,N M SALES AG,2.00,1200.00
19-02-2025,M/S ORIENT TRADERS,SALE,22210 EK/C3,SKF,2.00,3650.00,7300.00,GAUTTAM ENT.,100.00,200.00
19-02-2025,M/S ORIENT TRADERS,SALE,608 ZZ,SKF,10.00,63.00,630.00,N M SALES AG,, -   
19-02-2025,M/S ORIENT TRADERS,SALE,607 2RS,SKF,10.00,145.00,1450.00,N M SALES AG,, -   
19-02-2025,BHAVYA ENTER.-MAHEH,SALE,608 2RS,SKF,30.00,98.00,2940.00,N M SALES AG,, -   
19-02-2025,AKSHAT ENT,3441,30209,JEC,10.00,135.00,1350.00,N M SALES AG,10.00,100.00
19-02-2025,AKSHAT ENT,3441,32206,JEC,5.00,100.00,500.00,N M SALES AG,15.00,75.00
19-02-2025,AKSHAT ENT,3441,501349/10,JEC,25.00,115.00,2875.00,N M SALES AG,10.00,250.00
20-02-2025,ABHINANDAN BEARING,SALE,6204 ZZ,SKF,12.00,88.00,1056.00,BHAVYA ENT.,2.00,24.00
20-02-2025,RAMESH BEARING ENT,SALE,1204,ZKL,4.00,250.00,1000.00,N M SALES AG,, -   
20-02-2025,ABHINANDAN BEARING,SALE,6204 ZZ,SKF,120.00,85.00,10200.00,N M SALES AG,2.00,240.00
21-02-2025,sp & comp.,SALE,LMF 16 UU,SEMIK,6.00,625.00,3750.00,GAUTTAM ENT.,, -   
21-02-2025,CIRCLIP ENNGINEERS,SALE,B 47,CIR-CLIP,1000.00,3.00,3000.00,N M SALES AG,0.50,500.00
21-02-2025,CIRCLIP ENNGINEERS,SALE,A 75,CIR-CLIP,200.00,13.25,2650.00,N M SALES AG,2.65,530.00
21-02-2025,NIRALI ENTERPRISE,3929,,CHL,1.00,13905.00,13905.00,N M SALES AG,, -   
22-02-2025,AJMERA ENTERPRISE,SALE,TA 2525Z,NTN,3.00,250.00,750.00,GAUTTAM ENT.,, -   
22-02-2025,JAYCHENDRA BRG P LTD,12463,,IKO,1.00,1600.00,1600.00,GAUTTAM ENT.,, -   
22-02-2025,AJMERA ENTERPRISE,SALE,6005 ZZ B,FAG,161.00,112.00,18032.00,N M SALES AG,, -   
22-02-2025,J INDUSTRIAL P LTD,SALE,SN 618,J & J,3.00,3908.16,11724.50,KUNJAN TRADING CORP,, -   
24-02-2025,AJAHARA ENT.,SALE,33014,FAG,2.00,2039.40,4078.80,GAUTTAM ENT.,, -   
24-02-2025,AJAHARA ENT.,10657,22217K,FAG,4.00,4561.20,18244.80,N M SALES AG,, -   
24-02-2025,ATUL CORP,2782,22216 K,FAG,4.00,3641.04,14564.20,N M SALES AG,, -   
24-02-2025,J INDUSTRIAL P LTD,16686,,J & J,1.00,15108.80,15108.80,N M SALES AG,, -   
24-02-2025,NIRALI ENTERPRISE,3960,6201 2RS,CHL,100.00,25.75,2575.00,N M SALES AG,, -   
24-02-2025,SNEH ENTERPRISE-7705,1423,6206 zz,KG,120.00,60.00,7200.00,N M SALES AG,0.50,60.00
24-02-2025,ABHINANDAN BEARING,SALE,6204 ZZ,SKF,600.00,85.00,51000.00,N M SALES AG,2.00,1200.00
25-02-2025,ABHINANDAN BEARING,4556,,SKF,1.00,2400.00,2400.00,BHAVYA ENT.,, -   
25-02-2025,SHREE ARIHANT IMPEX,6093,UCF 210,SKF,10.00,1515.90,15159.00,N M SALES AG,, -   
25-02-2025,AJAHARA ENT.,10700,222212 K,FAG,2.00,2717.60,5435.20,N M SALES AG,, -   
25-02-2025,POLITE ENTER,SALE,UCP 204,CME,48.00,88.00,4224.00,N M SALES AG,, -   
26-02-2025,ABHINANDAN BEARING,SALE,6204 ZZ,SKF,120.00,85.00,10200.00,N M SALES AG,2.00,240.00
26-02-2025,ABHINANDAN BEARING,SALE,6205 ZZ BULK,SKF,90.00,98.00,8820.00,N M SALES AG,3.00,270.00
27-02-2025,J INDUSTRIAL P LTD,16843,,J & J,1.00,11856.00,11856.00,N M SALES AG,, -   
27-02-2025,POLITE ENTER,SALE,UCF 205,CME,5.00,98.00,490.00,N M SALES AG,, -   
27-02-2025,POLITE ENTER,SALE,UCP 205,CME,10.00,100.00,1000.00,N M SALES AG,, -   
27-02-2025,POLITE ENTER,SALE,UCP 210,CME,4.00,300.00,1200.00,N M SALES AG,, -   
27-02-2025,POLITE ENTER,SALE,UCT 205,CME,5.00,140.00,700.00,N M SALES AG,10.00,50.00
27-02-2025,POLITE ENTER,SALE,UCT 211,CME,2.00,525.00,1050.00,N M SALES AG,, -   
28-02-2025,CIRCLIP ENNGINEERS,SALE,B 47,CIR-CLIP,1000.00,3.00,3000.00,N M SALES AG,0.50,500.00
28-02-2025,SNEH ENTERPRISE-7705,SALE,6206 zz,KG,120.00,60.00,7200.00,N M SALES AG,0.50,60.00
01-03-2025,JAYCHENDRA BRG P LTD,12728,,IKO,1.00,7000.00,7000.00,GAUTTAM ENT.,, -   
01-03-2025,JAYCHENDRA BRG P LTD,12729,,IKO,1.00,7000.00,7000.00,GAUTTAM ENT.,, -   
03-03-2025,ABHINANDAN BEARING,4641,,SKF,1.00,1750.00,1750.00,BHAVYA ENT.,, -   
03-03-2025,RNS BEARINGS,SALE,51310 FAG,FAG,1.00,1628.00,1628.00,BHAVYA ENT.,72.00,72.00
03-03-2025,JENIL INTERNATIONAL LLP,8859,6305 ZZ,SKF,15.00,271.36,4070.40,N M SALES AG,, -   
03-03-2025,RAVIABHAY TRADING CO,SALE,6305 ZZ,KG,30.00,66.00,1980.00,N M SALES AG,, -   
03-03-2025,SNEH ENTERPRISE-7705,SALE,6206 ZZ,KG,120.00,60.00,7200.00,N M SALES AG,0.50,60.00
03-03-2025,ABHINANDAN BEARING,SALE,6204 ZZ,SKF,240.00,85.00,20400.00,N M SALES AG,2.00,480.00
03-03-2025,VARDHAMANRN ENTER.,5128,CF 12B,IKO,4.00,385.00,1540.00,GAUTTAM ENT.,, -   
04-03-2025,H D ENTERPRISE,SALE,UCFL 205,CIU-N,20.00,, -   ,R K ENTER.,65.00,1300.00
04-03-2025,H D ENTERPRISE,SALE,UCFL 208,CIU-N,10.00,, -   ,R K ENTER.,90.00,900.00
05-03-2025,ANUPAM MARKETING P LTD,5308,LGHP 2R/04,SKF,5.00,915.20,4576.00,N M SALES AG,, -   
05-03-2025,AJAHARA ENT.,10955,6006 ZZ,FAG,23.00,140.00,3220.00,N M SALES AG,, -   
05-03-2025,J INDUSTRIAL P LTD,1718,,J & J,1.00,4814.30,4814.30,N M SALES AG,, -   
05-03-2025,J INDUSTRIAL P LTD,17129,,J & J,1.00,876.00,876.00,N M SALES AG,, -   
05-03-2025,POLITE ENTER,SALE,UCP 204,CME,48.00,90.00,4320.00,N M SALES AG,, -   
05-03-2025,POLITE ENTER,SALE,UCF 205,CME,5.00,98.00,490.00,N M SALES AG,, -   
05-03-2025,POLITE ENTER,SALE,UCFL 205,CME,10.00,98.00,980.00,N M SALES AG,, -   
05-03-2025,POLITE ENTER,SALE,UCP 205,CME,40.00,98.00,3920.00,N M SALES AG,, -   
05-03-2025,POLITE ENTER,SALE,UCPA 206,CME,10.00,200.00,2000.00,N M SALES AG,, -   
05-03-2025,POLITE ENTER,SALE,UCPA 207,CME,2.00,275.00,550.00,N M SALES AG,, -   
05-03-2025,POLITE ENTER,SALE,UCT 205,CME,10.00,135.00,1350.00,N M SALES AG,10.00,100.00
05-03-2025,POLITE ENTER,SALE,UCT 207,CME,4.00,240.00,960.00,N M SALES AG,, -   
06-03-2025,ABHINANDAN BEARING,4699,,SKF,1.00,1050.00,1050.00,BHAVYA ENT.,, -   
06-03-2025,ATUL CORP,SALE,6308 ZZ B,FAG,6.00,375.00,2250.00,BHAVYA ENT.,, -   
06-03-2025,H D ENTERPRISE,SALE,23144 MBC3W33,CIU,1.00,15250.00,15250.00,BHAVYA ENT.,, -   
06-03-2025,SHREE JAY ENTER.,SALE,UCP 204,SKF,2.00,593.55,1187.10,N M SALES AG,, -   
06-03-2025,POLITE ENTER,SALE,UCP 206,CME,15.00,140.00,2100.00,N M SALES AG,, -   
06-03-2025,POLITE ENTER,SALE,UCP 208,CME,5.00,215.00,1075.00,N M SALES AG,, -   
07-03-2025,POLITE ENTER,SALE,UCF 210,CME,4.00,300.00,1200.00,N M SALES AG,, -   
08-03-2025,BHAVYA ENTER.-MAHEH,SALE,NU307 ECJ C3,SKF,1.00,2922.72,2922.70,N M SALES AG,122.00,122.00
08-03-2025,BHAVYA ENTER.-MAHEH,SALE,NU 2209 ECJ ,SKF,1.00,5581.92,5581.90,N M SALES AG,232.50,232.50
10-03-2025,SHREE JAY ENTER.,7271,,SKF,1.00,7191.86,7191.90,N M SALES AG,, -   
10-03-2025,SHREE JAY ENTER.,153,,SKF,1.00,25798.20,25798.20,N M SALES AG,, -   
10-03-2025,J INDUSTRIAL P LTD,17374,,J & J,1.00,16973.20,16973.20,N M SALES AG,, -   
10-03-2025,ABHINANDAN BEARING,4756,6303 ZZ,,120.00,114.00,13680.00,N M SALES AG,5.00,600.00
10-03-2025,ABHINANDAN BEARING,4756,6206 ZZ C3,,60.00,160.00,9600.00,N M SALES AG,4.00,240.00
10-03-2025,ABHINANDAN BEARING,4756,6003 ZZ,,64.00,75.00,4800.00,N M SALES AG,, -   
11-03-2025,ABHINANDAN BEARING,4770,,SKF,1.00,1248.00,1248.00,BHAVYA ENT.,, -   
11-03-2025,AJMERA ENTERPRISE,SALE,CF 8BR,IKO,10.00,240.00,2400.00,N M SALES AG,, -   
11-03-2025,SHREE ARIHANT IMPEX,SALE,6204 ZZ C3,SKF,120.00,85.00,10200.00,N M SALES AG,2.00,240.00
11-03-2025,GFB ENTERPRISE,10278,6004 ZZ,SKF,182.00,95.00,17290.00,N M SALES AG,3.00,546.00
12-03-2025,CIRCLIP ENNGINEERS,SALE,A 75,CIR-CLIP,200.00,13.25,2650.00,N M SALES AG,2.65,530.00
13-03-2025,JAYCHENDRA BRG P LTD,13212,,IKO,1.00,4970.00,4970.00,GAUTTAM ENT.,, -   
13-03-2025,KAMLESH BEARING CORP,SALE,NKI 55/25,IKO,4.00,750.00,3000.00,GAUTTAM ENT.,, -   
13-03-2025,KAMLESH BEARING CORP,SALE,NA 6904,IKO,3.00,580.00,1740.00,GAUTTAM ENT.,, -   
15-03-2025,JAYCHENDRA BRG P LTD,13256,,IKO,1.00,7000.00,7000.00,GAUTTAM ENT.,, -   
15-03-2025,ANUPAM MARKETING P LTD,5481,LGHP 2R/04,GRESS,52.00,897.60,46675.20,N M SALES AG,17.60,915.20
15-03-2025,J INDUSTRIAL P LTD,17606,,J & J,1.00,2422.20,2422.20,N M SALES AG,, -   
15-03-2025,POLITE ENTER,SALE,UCF 205,CME,15.00,98.00,1470.00,N M SALES AG,, -   
15-03-2025,POLITE ENTER,SALE,UCFL 204,CME,10.00,90.00,900.00,N M SALES AG,, -   
15-03-2025,RAVIABHAY TRADING CO,SALE,6004 ZZ,KG,100.00,26.50,2650.00,N M SALES AG,, -   
18-03-2025,MAHENDRA & CO,SALE,6800 2RS,IJK,20.00,135.00,2700.00,N M SALES AG,, -   
18-03-2025,ABHINANDAN BEARING,SALE,6305 ZZ,SKF,60.00,168.00,10080.00,N M SALES AG,2.00,120.00
19-03-2025,ABHINANDAN BEARING,4868,,SKF,1.00,2310.00,2310.00,BHAVYA ENT.,, -   
19-03-2025,SHREE ARIHANT IMPEX,SALE,6204 ZZ C3,SKF,240.00,85.00,20400.00,N M SALES AG,2.00,480.00
21-03-2025,JAYCHENDRA BRG P LTD,SALE,SUCF 206,ARNI,24.00,675.00,16200.00,BHAVYA ENT.,, -   
21-03-2025,RNS BEARINGS,SALE,32022,FAG,2.00,5673.00,11346.00,GAUTTAM ENT.,, -   
21-03-2025,VARDHAMANRN ENTER.,5454,,IKO,1.00,1540.00,1540.00,GAUTTAM ENT.,, -   
21-03-2025,TARUSH BEARING -HITESH GANDHI,SALE,33114,SKF,2.00,3851.00,7702.00,N M SALES AG,133.00,266.00
21-03-2025,RAVIABHAY TRADING CO,SALE,6004 ZZ,KG,360.00,26.50,9540.00,N M SALES AG,, -   
21-03-2025,RAVIABHAY TRADING CO,SALE,6305 ZZ,KG,240.00,65.50,15720.00,N M SALES AG,, -   
22-03-2025,MUKUND BEARINGS,9857/AE,6902 ZZ,SKF,50.00,162.18,8109.00,N M SALES AG,, -   
22-03-2025,SNEH ENTERPRISE-7705,SALE,6208 ZZ,KG,68.00,105.00,7140.00,N M SALES AG,, -   
22-03-2025,SNEH ENTERPRISE-7705,SALE,6005 ZZ,KG,10.00,35.00,350.00,N M SALES AG,, -   
24-03-2025,AKSHAT ENT,SALE,30209,JEC,10.00,135.00,1350.00,N M SALES AG,10.00,100.00
24-03-2025,AKSHAT ENT,SALE,32207,JEC,20.00,120.00,2400.00,N M SALES AG,15.00,300.00
25-03-2025,POLITE ENTER,SALE,UCFL 204,KHK,4.00,315.00,1260.00,N M SALES AG,, -   
25-03-2025,POLITE ENTER,SALE,UCP 213,CME,2.00,600.00,1200.00,N M SALES AG,, -   
26-03-2025,GFB ENTERPRISE,10724,6016 2RS,SKF,2.00,2450.00,4900.00,N M SALES AG,, -   
27-03-2025,ABHINANDAN BEARING,5001,,SKF,1.00,5280.00,5280.00,BHAVYA ENT.,, -   
27-03-2025,BHAVYA ENTER.-MAHEH,SALE,608 2RS,SKF,20.00,100.00,2000.00,N M SALES AG,, -   
27-03-2025,AJAHARA ENT.,SALE,6207 ZZ C3,FAG,110.00,225.00,24750.00,N M SALES AG,, -   
27-03-2025,ABHINANDAN BEARING,SALE,6006 ZZ C2,FAG,210.00,132.00,27720.00,N M SALES AG,5.00,1050.00
28-03-2025,AKSHAT ENT,3897,30208,JEC,10.00,130.00,1300.00,N M SALES AG,10.00,100.00
28-03-2025,AKSHAT ENT,3897,30209,JEC,20.00,135.00,2700.00,N M SALES AG,10.00,200.00
28-03-2025,AKSHAT ENT,3897,32206,JEC,5.00,100.00,500.00,N M SALES AG,15.00,75.00
28-03-2025,AKSHAT ENT,3897,32211,JEC,4.00,180.00,720.00,N M SALES AG,20.00,80.00
28-03-2025,AKSHAT ENT,3897,501349/10,JEC,50.00,115.00,5750.00,N M SALES AG,10.00,500.00
28-03-2025,POLITE ENTER,SALE,UCF 205,CHINA,5.00,98.00,490.00,N M SALES AG,, -   
28-03-2025,POLITE ENTER,SALE,UCFL 205,CME,10.00,98.00,980.00,N M SALES AG,, -   
28-03-2025,POLITE ENTER,SALE,UCP 205,CME,10.00,98.00,980.00,N M SALES AG,, -   
28-03-2025,POLITE ENTER,SALE,UCT 205,CME,5.00,135.00,675.00,N M SALES AG,, -   
29-03-2025,SHREE ARIHANT IMPEX,6825,6204 ZZC3,SKF,240.00,85.00,20400.00,N M SALES AG,2.00,480.00
29-03-2025,POLITE ENTER,SALE,UCF 204,CME,10.00,90.00,900.00,N M SALES AG,, -   
29-03-2025,POLITE ENTER,SALE,UCP 204,CME,10.00,90.00,900.00,N M SALES AG,, -   
29-03-2025,POLITE ENTER,SALE,UCP 205,CME,10.00,98.00,980.00,N M SALES AG,, -   
